Umbral,N_simulacion,Fallas totales promedio,Fallas programadas promedio,Fallas reactivas promedio,Tiempo promedio entre fallas,Tiempo de operacion promedio,Tiempo sin operar promedio,Tiempo de Operacion/Tiempo de Reparacion,Tiempo_Reparacion,Kilometros totales,Toneladas totales,Factor Toneladas,Factor Kilometros
0,1,39,0,39,555.2936018129755,3956.7213627307906,4493.693752446274,20.870447379949074,189.58488482293595,51909.655752061895,66803.43353287435,0.08905526655352795,0.06920045849779305
0,2,39,0,39,772.9198445888679,3857.604298875107,4494.495976527164,13.399124657952303,287.89972459772895,50223.62284273762,65900.92004283317,0.059337951788489336,0.045221931787122825
0,3,38,0,38,745.2957380597688,3885.2161732735494,4500.816294904419,15.298082181607846,253.96753182203187,50178.9237860736,66215.61854733112,0.06710688099715034,0.050854332270114266
0,4,38,0,38,584.3637157984257,3907.0783548329828,4559.617362123938,22.54461509102904,173.3042830430797,51249.21075394904,66294.6842681849,0.09790779947317396,0.07568777957155289
0,5,37,0,37,723.3561738827298,3942.248557381089,4531.237256200542,23.675151301980588,166.5141864183691,51471.4411283301,66439.64499732388,0.1012120125236518,0.07840993347120966
0,6,40,0,40,628.0412265550942,3930.9803143825516,4558.101225965462,26.047047680232666,150.9184596519861,51158.4570740644,66602.82084010322,0.11226629501893033,0.08623314091123256
0,7,36,0,36,668.001957646095,3905.7634724475593,4494.646365803817,16.301852479842047,239.59016174862373,50792.29831110083,67624.37380782061,0.07226505481235043,0.054277888501090554
0,8,34,0,34,823.6873366140467,3877.8603010868183,4543.539800188387,17.739533841087585,218.5998987247949,51088.90727541384,66137.55744505346,0.07802001611292711,0.06026768333758209
0,9,34,0,34,826.638287831575,3951.6670181649183,4574.057265028046,34.58011140579973,114.2757168070358,51647.8035177672,67989.20006791093,0.15055862336551618,0.11437143237044446
0,10,40,0,40,643.1950346955243,3913.517707899722,4565.835723533043,24.3610414016519,160.646568567235,51654.30721604656,67959.21583650335,0.10809599472502116,0.08216139123475914
0,11,40,0,40,544.2833229106304,3943.031429304361,4574.28523796049,32.13991127724473,122.68333273514833,51816.520758196275,66556.24201821147,0.13758560195949857,0.10711553092214186
0,12,36,0,36,642.4553804582163,3891.7386749557445,4521.017183499277,17.125804205541865,227.24414154497856,50582.423766573054,66385.89903003426,0.0750653432866032,0.05719568552635573
0,13,38,0,38,638.4735079102335,3868.2979274645445,4549.399608640288,17.4010573687961,222.30246389516816,50483.948169017196,65191.331954542315,0.07580985449777632,0.058706896306937775
0,14,42,0,42,588.9712910058375,3872.6568199876074,4496.17451112715,14.281357930869603,271.1686688852422,50587.846206390735,65972.16201228237,0.06282206305871385,0.04817233159329729
0,15,35,0,35,720.4225552950428,3857.5025249961836,4474.423906644773,12.52136801460508,308.07356835904386,50683.85300917228,66281.65285458122,0.055774112949399934,0.04264901101133259
0,16,35,0,35,694.5430963211722,3938.844394285501,4514.89339219975,21.14677110273694,186.26221351474848,50696.28025400828,65377.10431353183,0.08911115997052226,0.0691007102113316
0,17,39,0,39,717.8368646598568,3923.13659403948,4490.3753763501245,17.32160680097775,226.48802961039567,51112.55415289285,66416.09711504575,0.07474715512354387,0.05752397656563483
0,18,33,0,33,750.185460454732,3909.0552576422983,4542.970413753208,20.795686765649393,187.97432860449365,51296.43103360742,66378.98437107878,0.09033587412729746,0.06980986498869274
0,19,44,0,44,587.8377197903525,3983.382022781535,4564.617924270866,43.29760576388337,92.00005294759895,51552.02333197365,67043.84230648822,0.18294429025544454,0.14067135765557592
0,20,37,0,37,710.5497995732294,3938.792145275686,4530.57195300824,23.08302124971057,170.6359017160751,51142.82797633073,67160.4603776866,0.09992638802508885,0.07609414891326614
0,21,35,0,35,727.2663496914279,3918.8753628481472,4579.226845370585,27.617592308194624,141.89779178126793,51470.610580120716,66084.11657090056,0.11883927683448776,0.09255976257182075
0,22,38,0,38,684.5823962947343,3930.764040876735,4514.7916924182555,20.215376403152472,194.4442667050095,50507.82822058155,67980.67763848197,0.08894332743275733,0.06608251725925221
0,23,37,0,37,749.1919543314402,3978.1460140894774,4562.603282432855,40.081791611528594,99.2507034776673,51617.42394029823,67990.68198831301,0.17220076810893292,0.13073203254310115
0,24,41,0,41,642.6238317448305,3896.5507777509806,4507.9291795608415,16.544455126946094,235.52004268817748,50551.08321381691,64388.467043045894,0.07016166296393216,0.055083592229931304
0,25,41,0,41,607.7491736696966,3900.4592232565656,4515.718058509538,17.42655640157384,223.8227182338964,51145.46711821324,66418.01243499176,0.0760792052912277,0.0585851089177171
0,26,38,0,38,797.9047327085887,3914.67447857003,4506.5739122271525,17.895523113343156,218.7516092028175,50838.79823372635,66170.53732206058,0.07727121662874199,0.05936744585196975
0,27,36,0,36,752.1155812207137,3825.1787158540697,4465.089038520367,10.937449330735873,349.73224562556317,50207.77831893667,64036.020768125694,0.04786707937827593,0.03753043492352166
0,28,30,0,30,859.7443073833615,3949.324693192925,4527.313673769298,24.175350232203183,163.3616330377775,51242.202586084146,65996.93571402483,0.10229416568275768,0.07942457183169503
0,29,36,0,36,689.4500241196021,3840.482575096123,4535.512511642125,14.547011749317008,264.00491326175194,50063.08568814167,66790.0685690059,0.06587400690092861,0.0493764435755169
0,30,27,0,27,1022.5804962766555,3872.0387393117608,4506.760982485686,14.824022263518087,261.2002782025528,51076.67438547665,65682.65491743683,0.06494375115926357,0.050502082102234426
0,31,38,0,38,724.8699712287223,3944.390206413727,4499.677554177613,20.13139960181256,195.93223940865929,51587.8831997088,67163.76064705351,0.08690589392949673,0.06675163901200999
0,32,42,0,42,614.056634010474,3836.6579813871463,4557.53022245229,15.608111739605272,245.8117961605633,50990.46719184549,64472.19000248709,0.06836229226071552,0.05406711359649638
0,33,36,0,36,729.3452750760596,3918.7203760946445,4530.396058509068,20.529375422965888,190.8835653962874,51791.55237479411,67020.37991999343,0.08959712454038618,0.06923825519646229
0,34,37,0,37,695.2365167536177,3897.02087195155,4563.940126113779,21.766323705119493,179.03900193467035,50629.77547373619,66616.51936538749,0.09547761403868163,0.07256473630860608
0,35,36,0,36,674.500010056571,3930.751647620767,4560.191907125,26.370893529068407,149.05644525423205,51368.483133744994,67246.32386658853,0.114773647291925,0.08767391027664727
0,36,39,0,39,797.6538809798947,3909.962087861265,4517.435578480916,18.390965050055886,212.60233365781878,51727.30936303286,66002.88797634473,0.07940034052058646,0.06222706465678483
0,37,38,0,38,723.1152377698064,3900.208046825985,4553.269880393873,20.91016890758685,186.5220727801424,51240.398459652504,65928.99179999992,0.09062717185389348,0.07043596861229284
0,38,34,0,34,755.3493256858208,3839.303787720368,4454.806365911213,11.099787484455364,345.88984636841917,50998.4222161828,65880.25252009968,0.049609513072771574,0.03840311469438516
0,39,36,0,36,790.569594212642,3950.3853070646664,4539.778580116779,26.36470763125326,149.83611281855443,51712.822902687854,66662.82989679252,0.11262318133453791,0.08736596751303657
0,40,39,0,39,624.5337430249917,3870.480332366198,4479.412562711479,13.341556503424963,290.1071049223224,51020.95141286447,66188.24883374268,0.05894645077309379,0.04543863984692104
0,41,42,0,42,676.8865475815899,3907.433685905394,4535.661052088158,19.84423192193538,196.90526200644746,51193.67933712882,66544.16270856198,0.08648903002445985,0.06653764190621952
0,42,38,0,38,771.4606348065985,3947.717972922604,4551.797915420246,28.10081457864056,140.48411165714984,51214.30844569054,66842.35812835957,0.12052535920287863,0.09234597782876515
0,43,38,0,38,681.1809823569444,3889.7400066666987,4542.7476889953205,18.744623452936906,207.51230433798094,50843.11779313583,66927.28448445434,0.08291608297168782,0.06298944004599738
0,44,40,0,40,651.3122919507903,3860.2789053328283,4525.119794272238,15.162054943729032,254.6013003949326,50837.44882032235,65737.9775092435,0.06688627919845556,0.051725470182820144
0,45,38,0,38,700.7840839601682,3901.6515986676427,4499.898306898901,16.36255002514358,238.4500944334565,50702.137638076114,66782.73605831174,0.07178244106825042,0.054497964921078536
0,46,48,0,48,615.3810060077207,3878.9564079667457,4536.403171517409,17.26740182848406,224.6404205158459,50898.00043003308,66616.38693612868,0.07645013766759519,0.05841144077075456
0,47,39,0,39,745.5123273700975,3920.854570935879,4532.115142157298,20.963741412048403,187.03028690682393,51793.1940172916,65319.01130893356,0.08907317404541305,0.07062850604474928
0,48,40,0,40,694.1972242134995,3919.3255851211998,4603.684216229496,33.501315754407514,116.9901986493042,51297.743406912115,65426.2258516983,0.14268918175769493,0.1118761312831937
0,49,36,0,36,759.9580765986477,3893.7133329894514,4428.039654316591,12.234877870586145,318.24701269395774,49906.05341990008,65014.6991798274,0.05246663937746569,0.04027401403938
0,50,38,0,38,889.1310048560293,3996.8795386355014,4528.00390259776,34.72028334980392,115.1165587667381,51471.67848872874,65369.28495030797,0.14207408787816733,0.11186892710243682
0,51,36,0,36,576.0163236190634,3964.1683346449863,4570.759339058513,37.72799627047978,105.07232629650001,51161.65553392033,67431.54074153698,0.161890978205539,0.12282991564360335
0,52,40,0,40,733.5228095808391,3920.9084679206953,4586.037870858295,29.46862515423639,133.05366122100978,51593.532537594714,66402.60876194193,0.12728335331168683,0.09889668422702838
0,53,36,0,36,733.3516455701572,3884.2711437587113,4528.448135137196,17.09019192164455,227.2807211040926,50975.87502417929,65315.05035496229,0.07398456572331477,0.05774209704399835
0,54,38,0,38,664.1026877381564,3878.6479225670564,4521.233498573688,16.15305213363146,240.11857885925585,51263.26868813704,66356.05348059804,0.0712482866564099,0.05504275602383267
0,55,36,0,36,791.3194556941859,3923.8844879854423,4531.9191057427115,21.302720109502964,184.1964062718465,51195.424121808894,66757.78546260248,0.09236438752334047,0.07083269704411474
0,56,35,0,35,739.2802820453267,3887.469147357599,4497.8587538374295,15.264605606971573,254.67209880497234,50779.954129192105,65917.86712439921,0.06658169146224834,0.05129133246857624
0,57,36,0,36,693.0853957140628,3939.390083475592,4516.210843885674,21.36339422483668,184.39907263873508,51709.02132475179,66771.39902825304,0.091918463461973,0.07118337875895686
0,58,36,0,36,736.7635456713098,3955.4819048564,4552.8211759135565,30.034733750659072,131.6969192300432,51499.35975923785,66158.23143840981,0.12700150551305606,0.09886141270977893
0,59,35,0,35,745.5097217558441,3949.1291833838986,4557.176531455793,29.538504047862954,133.69428516030789,51000.54222089242,67188.9704090012,0.12725762156717044,0.09659632618506897
0,60,34,0,34,803.599707275374,3930.8479297938643,4591.162851980677,33.31531464411153,117.98921822545776,51782.14094285169,68017.4321561434,0.14665324114342287,0.11164812551555346
0,61,38,0,38,627.1613756526486,3825.1536301175443,4421.472021241902,9.723952879329165,393.3743486405534,50275.688371927055,65631.3022343926,0.043617031227379754,0.033412048748702544
0,62,38,0,38,706.0563328578013,3845.512331594122,4469.504489099394,11.832958062015615,324.98317930648363,49783.89887845129,65050.480561753706,0.052051759899986304,0.03983582486906202
0,63,35,0,35,703.3723096519595,3986.6382176892175,4575.039502086536,50.9004360735536,78.32228022424664,52236.70199290953,66587.47896623799,0.21325559003269387,0.16729524646079696
0,64,33,0,33,809.2538567701014,3785.728673117092,4445.445340867934,9.260000104245885,408.82598601497466,49167.64903457123,64926.31716683546,0.04195007983545867,0.03176811641760039
0,65,43,0,43,709.6789204959448,3942.2873801162705,4504.491280079011,20.402960584480944,193.2213398047185,51067.64005075547,66564.84463540657,0.08738593828217829,0.06704129884377603
0,66,39,0,39,780.3733099264841,3928.3986544903405,4552.601399056926,24.70691809734753,158.99994645273395,51103.82009404653,66341.91929853038,0.10621246789790272,0.081816488105724
0,67,33,0,33,689.4965805259999,3942.8270570558784,4573.3122000945095,31.832741886936105,123.86074284961241,51694.21582268421,67050.26764613207,0.137296386517446,0.10585235951279537
0,68,40,0,40,670.3450763709552,3967.8595655464505,4558.844345024894,35.022034613516794,113.29608942865504,51405.12425467117,67161.32849141132,0.14939912899971736,0.11434974504341783
0,69,44,0,44,726.7175125967103,3900.6722093062835,4493.83797220181,15.889344141720033,245.4898184919062,50993.91376346197,65156.79548118488,0.06804352056681125,0.053253162533880107
0,70,40,0,40,653.9884102821418,4000.7163841075403,4586.4542533178,75.72903001533703,52.82936257465987,51667.94339408866,67255.96385012398,0.31821281506121696,0.24446013074015668
0,71,45,0,45,579.8979138384917,3933.804296799219,4493.46749670617,18.4921612494245,212.72820649461104,51091.139097805986,66176.50012665796,0.07907987350863141,0.06105310509823772
0,72,46,0,46,584.455249877937,3957.0559137425894,4581.153861566598,38.87461616046267,101.79022469081258,51615.85333228969,67029.07879717462,0.16641213436875785,0.12814594015654518
0,73,37,0,37,699.2638026371245,3904.6998435834657,4496.923740749166,16.380394984343187,238.37641566736826,50665.75785746798,66307.60957018228,0.07123811697748411,0.054433166998471644
0,74,40,0,40,598.4676657413469,3960.3482699177907,4597.270601531332,48.07348891162578,82.38112855087674,51933.326196708695,68812.81808573255,0.2109153692385772,0.15917872534909835
0,75,40,0,40,593.6315723146535,3937.7399758106317,4506.267652485319,20.091292031287015,195.99237170405047,50823.65434568295,66498.20498608124,0.08616357688713551,0.06585362491838768
0,76,37,0,37,770.6306567221968,3900.0320265411456,4526.261975298608,18.249520650406506,213.70599816024608,50724.0290171727,66540.24952212145,0.07983614161910377,0.0608595668514923
0,77,44,0,44,632.2122974647766,3956.7429942556446,4557.398531639162,31.438034048852128,125.85847410519342,51816.50560605331,68697.10366948642,0.13794886227944902,0.10405137354905294
0,78,37,0,37,756.2312923075375,3954.9922840329427,4543.886146744379,28.025427337704095,141.12156922267806,51411.99128692917,66457.93945634236,0.11907150260703732,0.09211394612341307
0,79,34,0,34,892.6391564869584,3961.1631035756704,4596.869345542316,48.32599072378689,81.9675508820126,52398.04589673135,66960.9066982592,0.20623227926436236,0.1613802585287052
0,80,38,0,38,720.5441658942427,3959.2000422161436,4596.653957319997,47.05155349500684,84.14600046385924,51840.30935219936,68350.10874448557,0.2051626433911386,0.15560611528316937
0,81,40,0,40,640.3646594997388,3892.3343378362215,4518.338995013376,16.972881462945843,229.3266671504027,51073.21822598966,65254.401528859475,0.07310466881603545,0.05721745378553221
0,82,44,0,44,561.3473522347459,3950.527989162345,4492.328625077634,20.038856357936563,197.14338576002137,51452.984552993425,67111.58794896251,0.08617080714931426,0.0660652704648331
0,83,40,0,40,669.1567965227536,3898.8623306350287,4542.830678771058,19.660740748262374,198.306990593913,51084.36411509923,66027.68039259179,0.08539847512579093,0.06607118063607786
0,84,41,0,41,684.1221659501515,3898.7026891624078,4498.9236324065905,16.085503650398596,242.37367843100134,50539.56915805896,66555.42878588331,0.07043328009455004,0.05348425658588003
0,85,41,0,41,601.7072940575159,3967.891374776719,4571.850522218737,39.5767649283857,100.25810300454403,51648.21087780856,67645.21147865159,0.17004262530317452,0.12983028920895923
0,86,39,0,39,666.2375761654592,3907.6034305110106,4516.370553423538,18.088577948533196,216.02601606545187,51048.67938987512,66133.2027769189,0.07834350852789745,0.06047389936049474
0,87,36,0,36,625.9480023811135,3906.4734934498324,4483.089028168175,15.598597776532758,250.43747838199337,51157.799695114765,66633.9780648526,0.06811010305504336,0.05229108497638126
0,88,36,0,36,741.1572127859097,3941.5844147264584,4554.020820437396,27.297280612626285,144.39476483614595,51972.389295049565,66886.09616907792,0.11752048338377716,0.0913167408832536
0,89,33,0,33,700.1051448947128,3968.6733618389394,4550.350427445616,32.80540313147933,120.97621071544428,51638.5330442088,67038.96344109958,0.13963103502593177,0.10755449437279352
0,90,38,0,38,665.3770468907695,3909.798691960022,4551.001722716853,21.81812354593371,179.19958532312464,51240.15347180216,65334.068456228335,0.09324988521917155,0.07313394899109155
0,91,37,0,37,632.7142550424545,3922.3740098621197,4492.912115271816,17.454970291442717,224.7138748660638,50983.10775850791,66157.0269714114,0.07505801747325719,0.057842547770967374
0,92,38,0,38,669.9823332627976,3951.1287814639186,4548.940359497756,28.2362933281337,139.9308590383266,51351.58419146597,66461.1904864987,0.120208016443702,0.09287934855984682
0,93,37,0,37,699.2400301694956,3961.7844932987814,4555.203242237601,32.20641868982521,123.01226446361777,50968.71295283934,66311.59964158112,0.13606619603704084,0.10458379719206756
0,94,39,0,39,636.1533217629564,3860.3160494072845,4562.532839331353,17.77709553031491,217.1511112613626,50910.41563733367,66575.70955073916,0.07942018331569584,0.06073257904241768
0,95,32,0,32,846.9711842517808,3956.3519449659034,4613.788561649791,56.63298935194832,69.85949338430596,52305.23971849875,67362.09582891139,0.2437222848276374,0.18924518864477582
0,96,39,0,39,701.3658894943007,3847.4541731673635,4498.302703721008,13.075765824126789,294.2431231116285,50502.18940736701,66259.1959108083,0.058528363892662964,0.04460981571508039
0,97,37,0,37,684.765106091051,3954.113013623293,4593.959037598317,43.01317571172472,91.9279487783894,51770.486706755044,66709.72803388246,0.18352385474410596,0.14242479414061585
0,98,36,0,36,664.4280383133587,3935.2599414608317,4590.181264529209,34.35144351396323,114.55879400995828,51811.31782177507,66194.67573405601,0.14683216461611553,0.11492718807097042
0,99,39,0,39,581.5767236111438,3923.2093587722607,4484.857957614377,16.915293255142743,231.93268361336217,50656.682360739855,66150.4698218491,0.07269917717256258,0.05567154905831491
0,100,41,0,41,669.5732490947894,3840.594153590568,4467.161807219576,11.559557736402034,332.24403918985666,49748.393970847304,63971.22545771003,0.05013361896113372,0.03898732608947117
0,101,37,0,37,869.039570600819,3980.758196723844,4593.705393959176,60.74117026262628,65.53640931697991,52120.614119614955,67019.1589783414,0.25689197194880836,0.1997841743239099
0,102,38,0,38,611.1348197381536,3932.679580319534,4542.4407096770865,23.851810390975,164.87971000337876,51445.36672845832,66716.54499602037,0.10289109036496377,0.07933968818727422
0,103,39,0,39,805.104404514731,3895.5465789210693,4508.395272289572,16.502487200292236,236.0581487893585,51369.33232895178,65995.34800672597,0.07176718714894921,0.05586200540366456
0,104,35,0,35,528.4398999763052,3932.4383950490737,4519.920029386116,20.95718064193522,187.6415755648106,51359.40142767089,66689.31886988784,0.09037853204309228,0.06960315964091657
0,105,42,0,42,574.1857575000437,3951.168916136793,4558.651084281086,30.351581877554715,130.1799995821213,51568.45852585608,67410.26347361425,0.13105577476547808,0.10025690358283268
0,106,41,0,41,751.3048152590807,3938.773991153,4540.4608131939785,24.500166066130703,160.76519565302067,51044.15577045997,65968.33741695508,0.10417954202289816,0.08061074417414729
0,107,40,0,40,724.4141435020513,3955.1961683555187,4556.147201571685,30.742264631971167,128.65663007279613,50766.84501009377,66408.75261317965,0.13050439051931217,0.09976540600336166
0,108,34,0,34,843.9194797282732,3958.9770915961803,4555.231561602166,31.472570985654734,125.79134680165438,51564.842697956854,67032.81034549946,0.13460266910528343,0.1035428087136
0,109,45,0,45,627.243746821685,3926.665349431213,4532.587431611073,21.724623881210924,180.74721895771398,51038.080497657225,65209.82195778624,0.09187926251728008,0.07191157797452628
0,110,35,0,35,762.5632827668103,3899.8582351413415,4479.044568201392,14.936423236518166,261.097196657266,50451.15040615409,65381.50199398842,0.0642101765782086,0.049547305848843495
0,111,36,0,36,762.807364017775,3930.303885649181,4567.181174970616,27.578188663883566,142.5149393802035,51524.30226006783,66965.06295634375,0.11955335230080358,0.0919868180242999
0,112,39,0,39,782.3827584174882,3960.9167325308804,4533.51775361154,27.210543401139805,145.56551385757933,50919.08073421006,67201.82900076074,0.1165539195269582,0.08831334692117715
0,113,38,0,38,693.2290053214341,3888.4345349693835,4514.827307609161,16.425043505120122,236.73815742145553,50728.574968391054,65818.10625111464,0.07149938852917204,0.05510736023546405
0,114,40,0,40,683.8908552346941,3951.2647103855293,4536.147206238917,25.894975695189412,152.58808337555487,51248.39853129922,66187.26629700967,0.10977860312130712,0.08500090603113876
0,115,35,0,35,750.4034597477026,3915.426936688153,4515.344029449637,18.713592776357643,209.2290338622106,51128.615918316165,66733.28596839249,0.08145944301452923,0.062411261702031165
0,116,39,0,39,748.4190777099695,3903.249227658778,4483.181291192469,15.393213765220416,253.56948114875266,50915.00780541731,66665.84734109571,0.06735659723070629,0.05144255732925624
0,117,42,0,42,609.200502450107,3923.0247309933084,4495.612494821894,17.7221519988645,221.36277418479798,50634.61888175019,66444.62231107509,0.07651281884132062,0.05830716297040202
0,118,40,0,40,606.8187805927104,3887.7933287708915,4503.431115799164,15.627714395217982,248.77555542994443,50869.21977298416,66473.59142188921,0.06872872204611652,0.05259496879431401
0,119,38,0,38,804.0517459080562,3936.01051954416,4558.560367361897,27.064804534712486,145.42911309394287,51415.226246460064,67663.517315126,0.11820802565791433,0.0898222945615387
0,120,44,0,44,605.5571509028279,3929.175963634667,4558.376678056076,25.773985244558183,152.4473583092571,51268.51792681151,66093.2515091774,0.11034070034570943,0.08559125242832752
0,121,40,0,40,766.9138624230576,3918.585471478219,4546.889142102426,22.452810745037002,174.52538641935456,51974.0013687391,66658.88120828787,0.09746980294270227,0.07599731018175088
0,122,44,0,44,555.4139891395491,3903.3118321620277,4488.928006448428,15.754396551368883,247.76016138954387,50535.86406099643,65989.38175913255,0.06823533628782694,0.052255856728355685
0,123,40,0,40,759.1041417145561,3884.595607368704,4513.165765207033,16.03623521431666,242.23862742426323,51122.57997432905,65881.33150708381,0.07001210834853554,0.05432797920659131
0,124,33,0,33,682.136094495418,3837.7017001979366,4477.630813925461,11.820406622597702,324.66748587660237,50120.922035456824,65113.56188725567,0.052259041574989604,0.04022620284485476
0,125,35,0,35,646.5816139466749,3890.5733435233437,4522.024906803075,17.108810064601414,227.40174967358158,50797.493146498935,66793.5610802475,0.0754965645425905,0.057416256266512644
0,126,42,0,42,776.2241271965726,3965.7228360782324,4567.9768381468775,37.3067797033505,106.30032577489054,51805.25212032664,67539.06472713874,0.16021312393747605,0.1228900831259365
0,127,39,0,39,763.4926470662276,3910.3135967112853,4536.48827221008,20.239914200410784,193.19813107863484,51005.30460139941,65660.85776821723,0.08691446133848055,0.06751508776331536
0,128,36,0,36,657.2023455286355,3924.0022535960948,4491.726535601183,17.49668287584089,224.27121080272238,51133.8655723346,67034.34029060329,0.07617186057668683,0.058103975697198065
0,129,39,0,39,714.2171386782016,3978.5673065599817,4568.561181595103,42.83948034789992,92.87151184491478,51291.181701424415,66542.68179253738,0.18009061234677598,0.13881406747924596
0,130,35,0,35,794.395109226712,3948.515864447241,4561.4786749680725,30.371923199911695,130.00546058468635,51244.4455855357,67214.21417162348,0.13093798218852423,0.09982775795320445
0,131,37,0,37,678.879172408194,3930.0187623760644,4463.788105537448,15.963153517196666,246.19313208648674,50890.74575790338,67069.99778547695,0.06931986922960516,0.05259788217405945
0,132,35,0,35,656.4550270476104,3905.90477309819,4580.23141310023,25.385467034732326,153.86381380157954,51005.59768906056,66847.27917081802,0.11123093587907806,0.08487107383276496
0,133,44,0,44,706.4659605608605,3970.6085040810926,4557.6979926693675,35.54914465535354,111.69350324953984,51789.12437796339,67362.96195329013,0.1518924522623827,0.11677599788063056
0,134,42,0,42,621.3168526452262,3922.485979669074,4462.401372069928,15.37550570858447,255.11264826099782,51576.22584877686,66807.02671516585,0.06676190994841819,0.05154139489362501
0,135,36,0,36,612.332669094088,3911.795902420781,4517.762180694509,18.588482562453777,210.4419168847101,50526.06853372825,66976.09375741215,0.08136008209092765,0.06137719972928446
0,136,36,0,36,757.7931439693339,3968.027629622016,4561.9059529805,36.05121092741877,110.06641739748413,51935.41060592892,66929.46938898,0.1532455470462594,0.11891429114912595
0,137,42,0,42,644.4633337246701,3943.0140330284407,4533.752032201596,24.155602440050977,163.233934769963,50997.25915781148,67373.06230370144,0.10467609570236759,0.07923335822406634
0,138,39,0,39,641.0421472972863,3912.071279508221,4522.01882074705,18.99894703634014,205.90989974472933,50549.23128946247,66422.0258872833,0.08245711414671116,0.06275243307900542
0,139,34,0,34,724.7544379837354,3907.890128072491,4552.111044402511,21.710642129209237,179.9988275249981,50565.903095591944,66479.70693061962,0.09450985028137077,0.0718862364404553
0,140,40,0,40,719.8607253665368,3919.780676848418,4457.796154957832,14.936869727730762,262.4231681937497,50811.38697013212,66649.83112564,0.06479404770971696,0.04939660575183516
0,141,35,0,35,821.9757411378513,3847.119080576181,4502.984892497091,13.270685774346836,289.89602692672685,51127.041355724665,66310.78060999434,0.059457445687058956,0.04584297238826119
0,142,40,0,40,625.7484954969188,3850.720642506205,4428.112709662833,10.661894351630366,361.1666478309618,50257.28144494454,65287.829882468104,0.04694426911785876,0.03613677081212026
0,143,37,0,37,673.622573831987,3826.098794333557,4436.946230615021,10.150015379984348,376.95497505142276,49596.64733789367,65414.03677582413,0.045355012549130644,0.034387979603122946
0,144,40,0,40,815.6946092054334,3955.056119282312,4574.332668488758,35.75637622609705,110.61121222893067,51350.65612895072,66809.00802697708,0.15271553618277878,0.11738002427612208
0,145,41,0,41,529.6814184167501,3859.6055010538794,4490.466972424474,13.312311346765874,289.92752652164654,50647.77961179133,64968.3301864888,0.058058971417607796,0.045261406294506056
0,146,38,0,38,700.7088732350145,3921.2352705895028,4574.935501302598,27.26313227272443,143.82922810789893,51620.689781532536,67601.19188710359,0.11986276810240318,0.09152795381038703
0,147,33,0,33,781.6301478945679,3922.485689231396,4583.5137199238025,29.272152193525734,134.00059084480134,51229.58469953767,67280.23116614218,0.12800277764724913,0.09746591272944108
0,148,42,0,42,629.7758577138073,3948.813974052823,4532.802926878452,24.932041343245707,158.38309906872462,51074.44647248675,66946.62553679515,0.10704174484659244,0.08166353156193136
0,149,43,0,43,636.4687232744755,3927.6953006862345,4492.324163415425,17.854740123468662,219.98053589834026,50937.8732718589,65633.22671771442,0.07596293059158166,0.058954744804412464
0,150,40,0,40,639.5875170422923,3937.413071315388,4550.145539207894,25.82902901128933,152.44138947671735,52061.46048816064,68616.62624514493,0.11431822784354947,0.08673661512722083
0,151,37,0,37,763.9089199907322,3882.1237453014587,4555.058314078213,19.140928723700632,202.8179406203287,51213.0937393258,65833.44231820774,0.08361242527953781,0.06504370457974738
0,152,40,0,40,594.1882662332075,3944.642705806258,4582.958751402428,35.0951409853252,112.39854279131359,51580.98357749886,66027.06737584178,0.14892021526030744,0.11633791235910669
0,153,36,0,36,765.2790720679886,3894.4551261042725,4471.958821143284,14.234845259557872,273.58605275244366,50831.93731718492,65498.91700243981,0.06147428151320579,0.04770852660635377
0,154,31,0,31,824.008829775028,3927.4111949035946,4487.725548326936,17.465775651065947,224.86325676946973,50795.89275303284,65937.42560196285,0.07466328894269175,0.05751799350820838
0,155,3,0,3,397.290937760081,4039.2521978127365,4594.442404288438,640.6022685048835,6.3053978988242445,52492.961091913814,67977.08046225253,2.6690028684863907,2.0610456168011173
0,156,41,0,41,692.0026760516974,3938.746391876864,4592.189312212438,36.11398541555668,109.06429591069686,51946.996945599814,67106.81929724969,0.15621618818316657,0.12092603904320023
0,157,36,0,36,709.2607400004591,3919.0088955574133,4555.79251345678,23.72301647472366,165.19859098580608,51373.564424255004,66453.04210172844,0.10264369532415275,0.07935186001577811
0,158,40,0,40,606.8241223201783,3902.3275011248916,4467.092879612248,14.42210433940292,270.5796192628606,50581.45057466643,64515.91467046837,0.0611009640986701,0.0479040777985906
0,159,37,0,37,794.2996962721754,3976.5537897621775,4558.840255430796,38.01460248700006,104.60595480702577,51355.63638393202,67207.23302627535,0.16156703169284653,0.12345959441605193
0,160,42,0,42,649.5355815644153,3852.2588613948883,4449.862008492442,11.401292705205883,337.87913011266954,50591.40995296335,66065.33794261301,0.05075710348807824,0.038868694394947466
0,161,35,0,35,732.6365161519362,3893.8604727247694,4480.919464375322,14.68162110418574,265.2200628999087,51046.175574201385,64627.780035440286,0.06257955619873914,0.04942838840084998
0,162,37,0,37,644.1283675272318,3872.9485124618673,4409.4419149969735,10.830103022524986,357.60957254115834,50477.137006935314,64552.465719789005,0.04660816199394531,0.036445495185609814
0,163,37,0,37,625.2475673832292,3884.613119294525,4518.635010478729,16.40795114131133,236.75187022674575,51157.03522664377,66519.94209206475,0.07232870202255802,0.055624251027524774
0,164,41,0,41,779.0329399624386,3950.823587327037,4546.673815961544,27.724572593774013,142.50259671141896,50928.0071287861,67030.98772634675,0.11905981482915641,0.09045785097372153
0,165,42,0,42,610.3789741229122,3892.3573626373714,4505.550258822694,16.077983892397874,242.09237853993548,50578.4498702651,65959.87075764131,0.06999805490163614,0.05367495524463745
0,166,33,0,33,757.0443221339776,3840.2751725020416,4528.5731843853855,14.162832016871416,271.1516431125731,50689.4675688553,66433.58972838098,0.06379889180424704,0.04867916772618305
0,167,37,0,37,633.2482452115951,3859.746441202169,4498.21969672899,13.685400798646137,282.03386206884085,50105.388233074365,65103.68179979807,0.05980610512656044,0.046028243460781736
0,168,36,0,36,502.52760549476636,3861.085679304442,4496.842119515189,13.68828854154081,282.0722011803692,50948.83582293103,64834.026705592034,0.05952964175656478,0.04678046542174004
0,169,33,0,33,720.7069311947541,3927.3170310709434,4528.847635450127,21.363232827714597,183.83533347893027,50799.657313949945,66684.53574223602,0.09236345792783508,0.07036162070921731
0,170,41,0,41,608.1856488580133,3960.560831852585,4506.150635011738,22.855296655732182,173.28853313567748,51513.38707701223,66058.84313148867,0.09625082264918067,0.07505741318749559
0,171,40,0,40,710.1324118070803,3889.7475495425965,4523.96009770136,17.189036669462595,226.29235275604347,50845.417380138315,66601.5518746082,0.07566465479744254,0.05776443409822097
0,172,39,0,39,698.9185621175686,3867.114257598921,4532.8316181624805,16.10934313194832,240.0541242385976,51110.06722152573,66874.29334962646,0.07203822945880806,0.055056712613172465
0,173,40,0,40,626.3936917897237,3932.3860910409053,4586.110578601505,32.36443050135105,121.50333035758958,51905.31475790934,67316.83188158431,0.14088972953444862,0.10863443143768697
0,174,39,0,39,635.2340773352953,3883.417588931348,4504.914207660706,15.430704142773477,251.66820340794584,50396.67415578982,65322.77122994868,0.06683780188595499,0.051565523928528444
0,175,45,0,45,688.1550787472819,3831.932671271769,4569.126309007299,16.03714873129451,238.94101972093245,51063.06145182874,66291.61589335186,0.07240190992119652,0.05576969463956892
0,176,33,0,33,843.7117624875368,3926.3327209866943,4563.979928188084,26.230223858869646,149.68735082522068,51749.54101579509,66235.09243292498,0.11269793154819625,0.08805100161903862
0,177,32,0,32,797.9434254149443,3931.209188773912,4586.207572512749,32.06971222197047,122.58323871333965,51263.67301367526,67334.52318449624,0.13972706715603325,0.10637816001489106
0,178,38,0,38,680.9335646284686,3921.143146124704,4534.052904457484,21.21785361447892,184.8039494178121,51488.52369470218,66158.8541676735,0.09129858142353968,0.07105366669448054
0,179,36,0,36,888.6830380623344,3899.1079089733867,4529.66611976403,18.459415220897462,211.22597126258364,50258.95521058848,64692.79945271631,0.07854949086762492,0.06102403013516103
0,180,35,0,35,630.8746738057278,3895.0037756255483,4507.04148671244,16.368675042553534,237.95473766201192,51382.40162425022,65970.55708219267,0.07117834936975304,0.055438588000874436
0,181,34,0,34,925.8941629812279,3981.25721669157,4589.558710514797,57.54586360602343,69.18407279363247,51850.92081642308,67750.25427134188,0.2459713743228918,0.18824788763217754
0,182,34,0,34,776.6086646800887,3927.4590503618924,4549.944889345334,24.15469995576786,162.59606029277384,51134.95572003434,66269.01130002027,0.10377405976940744,0.0800748622485518
0,183,43,0,43,720.5898407345168,3917.275116202397,4547.878664852957,22.40411682818576,174.84621894464607,51044.826337630635,67853.03659527417,0.09906699034159462,0.07452661769496444
0,184,26,0,26,1227.8413763141468,3946.9194882621186,4594.634006319333,40.092022276277426,98.44650541854865,51799.74042956004,67703.90506137122,0.17424292258505975,0.13331192866072503
0,185,42,0,42,678.2139406155189,3849.688029127544,4461.765725044641,11.717339881415315,328.5462458278156,50489.679159206564,65594.09103310264,0.051861213260051935,0.03991908382396493
0,186,38,0,38,881.4807056499225,3978.7029452399015,4533.903628851196,31.231619032563362,127.39342590890159,51296.27719331939,66382.70240711975,0.1309683620217921,0.10120391545108752
0,187,41,0,41,653.9041333279778,3916.1887261208926,4513.488086210029,18.619861982515207,210.32318766907886,50736.46957765178,65662.88928260026,0.07972035433600845,0.06159840629431927
0,188,39,0,39,680.8381122740391,3918.5365854157326,4495.42311525286,17.335566255248104,226.04029933140777,50739.83321525852,66430.86792773767,0.07499980719623046,0.05728478081082444
0,189,40,0,40,707.7449035594241,4001.4307123715707,4592.7815738380805,87.39092610505067,45.787713790348676,52423.81002381976,67014.35508497484,0.36576620966111456,0.2861306098386382
0,190,34,0,34,790.5841550358066,3961.81904328128,4583.537858512218,41.86062289124325,94.64309820650197,51414.27357018014,67212.32406041685,0.17925254427899032,0.1371197838870516
0,191,38,0,38,622.6990342792881,3952.8893359062804,4547.369548376138,28.28723182585079,139.7411157175819,50865.26953164109,66517.74084477995,0.12042000148827257,0.09208364197146791
0,192,34,0,34,771.1861907246822,3954.531515276173,4563.955905754213,32.54421516528808,121.51257896961388,50874.64226701747,66432.2355527637,0.13824918764486158,0.10587296824524076
0,193,35,0,35,1022.1324046759037,3892.3184928280116,4559.680679168376,20.703730585448383,188.00082800361244,51101.742270463605,64952.84320826129,0.08876260404846324,0.06983410565717711
0,194,35,0,35,821.502420754672,3930.795465114086,4508.241679126447,19.559810942470225,200.9628557594669,50968.86544368456,68363.76164606583,0.08654255472734397,0.06452213454676894
0,195,38,0,38,600.7036097277519,3925.589419354055,4517.316633089985,19.917351435865285,197.0939475559599,51263.04891772229,67385.0286401667,0.08709340196007503,0.06625616127480409
0,196,42,0,42,558.9679423627956,3898.1914201878726,4498.820879763794,16.0427520381175,242.9877000483327,50913.56845997966,67504.85010244402,0.07126684380654844,0.05375094271841088
0,197,41,0,41,697.0370730522642,3955.910616952174,4626.536383557123,68.7350902986612,57.552999490701566,52183.19205088884,66867.34441427662,0.2936970896362135,0.22920084186865705
0,198,43,0,43,483.5666641138739,3907.0832164990793,4549.892034659685,21.347294512002126,183.02474884123575,51213.56471033863,67300.95187819192,0.09411497384695126,0.07161805544810605
0,199,34,0,34,878.0180160728632,3991.044302732393,4594.825935286659,73.73105213610694,54.12976198094877,51629.96444984329,66934.53003981906,0.30983291452259765,0.2389896866785605
0,200,43,0,43,526.54246349379,3843.4172626929826,4506.256675528567,13.238278503656794,290.3260617784495,50526.45618273105,66582.10142702458,0.05966971156664194,0.045280923886316944
