Tons,Kms,Falla,Edad,Modelo,ID
2167.4799999999996,1795.9999999999995,1,288.8333333333333,0,AWOU5IMX
2012.7400000000002,1527.1999999999998,1,249.45,0,AWOU5IMX
3275.169999999999,2470.500000000001,1,412.75,0,AWOU5IMX
933.86,849.9,1,130.43333333333334,0,AWOU5IMX
2466.9599999999987,2029.2000000000007,1,343.8,0,AWOU5IMX
2184.100000000001,1703.3000000000002,1,271.1,0,AWOU5IMX
2506.2400000000007,2133.0,1,343.23333333333335,0,AWOU5IMX
1436.2300000000007,1231.0,1,200.75,0,AWOU5IMX
3724.0600000000013,2973.8999999999983,1,476.8666666666667,0,AWOU5IMX
2177.6199999999994,1804.8999999999999,1,297.68333333333334,0,AWOU5IMX
2410.7499999999986,1780.5000000000005,1,293.6666666666667,0,AWOU5IMX
464.91999999999996,345.2,1,59.93333333333333,0,AWOU5IMX
4283.140000000001,3375.899999999999,1,551.55,0,AWOU5IMX
1965.0800000000002,1595.8000000000006,1,254.43333333333334,0,AWOU5IMX
2996.270000000001,2231.8000000000006,1,370.48333333333335,0,AWOU5IMX
2497.5,2175.100000000001,1,346.3666666666667,0,AWOU5IMX
2161.3599999999997,1708.3,1,280.98333333333335,0,AWOU5IMX
3281.969999999998,2637.6000000000013,1,434.03333333333336,0,AWOU5IMX
2323.4500000000003,1633.9999999999995,1,280.4,0,AWOU5IMX
2598.119999999999,2078.2000000000003,1,339.1,0,AWOU5IMX
1123.63,907.1000000000001,0,171.98333333333332,0,AWOU5IMX
271.49,188.40000000000003,0,35.483333333333334,0,AWOU5IMX
849.8100000000001,651.6999999999999,0,108.71666666666667,0,AWOU5IMX
396.48,316.70000000000005,0,53.53333333333333,0,AWOU5IMX
567.0999999999999,429.3,1,71.76666666666667,0,AWOU5IMX
1738.3399999999997,1171.7999999999995,0,194.15,0,AWOU5IMX
1812.9299999999996,1456.4000000000005,1,238.18333333333334,0,AWOU5IMX
1722.52,1264.1000000000001,1,212.11666666666667,0,AWOU5IMX
1861.29,1312.8000000000002,1,283.43333333333334,0,AWOU5IMX
2735.930000000001,2121.7,1,338.9166666666667,0,AWOU5IMX
1923.1200000000001,1454.6000000000001,1,238.8,0,AWOU5IMX
1866.450000000001,1352.8000000000002,0,219.85,0,AWOU5IMX
482.23,369.80000000000007,0,60.8,0,AWOU5IMX
2047.9400000000007,1327.9999999999998,0,225.41666666666666,0,AWOU5IMX
742.8499999999999,646.8,0,103.15,0,AWOU5IMX
732.07,746.6999999999999,1,116.98333333333333,0,AWOU5IMX
1353.23,1203.5999999999995,0,196.7,0,AWOU5IMX
895.58,777.5000000000001,1,134.98333333333332,0,AWOU5IMX
2643.9400000000014,2298.2999999999997,1,357.5833333333333,0,AWOU5IMX
2180.62,1680.5000000000005,1,276.0,0,AWOU5IMX
1914.6300000000006,1215.6999999999998,1,274.85,0,AWOU5IMX
2330.5,1916.1000000000008,1,305.0,0,AWOU5IMX
913.1400000000002,718.3,1,112.68333333333334,0,AWOU5IMX
3850.1300000000006,2777.8000000000015,1,473.8666666666667,0,AWOU5IMX
2118.7700000000004,1587.9000000000005,1,270.73333333333335,0,AWOU5IMX
3345.17,2609.0,1,429.1666666666667,0,AWOU5IMX
2533.310000000001,2262.1,1,364.8333333333333,0,AWOU5IMX
2088.620000000001,1486.0000000000007,1,254.23333333333332,0,AWOU5IMX
1078.3799999999999,865.3000000000001,1,143.71666666666667,0,AWOU5IMX
2377.290000000001,1810.0000000000002,1,301.3333333333333,0,AWOU5IMX
2384.279999999998,1840.3000000000004,1,300.96666666666664,0,AWOU5IMX
3060.6100000000015,2247.0,1,369.0,0,AWOU5IMX
3185.189999999999,2678.300000000001,1,444.28333333333336,0,AWOU5IMX
2605.2700000000004,2177.1000000000004,1,351.2,0,AWOU5IMX
2155.860000000001,1758.1,1,280.01666666666665,0,AWOU5IMX
691.62,628.5999999999999,1,113.83333333333333,0,AWOU5IMX
4739.75,3768.900000000001,1,615.5,0,AWOU5IMX
2457.090000000001,1814.1000000000006,1,312.3333333333333,0,AWOU5IMX
1630.94,1370.9999999999995,1,226.48333333333332,0,AWOU5IMX
2768.7599999999998,2152.300000000001,1,355.81666666666666,0,AWOU5IMX
1673.58,1220.0999999999997,1,201.53333333333333,0,AWOU5IMX
2564.37,1998.1,1,325.8666666666667,0,AWOU5IMX
1531.0399999999995,1272.7,1,215.76666666666668,0,AWOU5IMX
3440.7000000000007,2634.599999999998,1,451.6,0,AWOU5IMX
851.8399999999998,589.3000000000001,1,92.56666666666666,0,AWOU5IMX
1649.3100000000002,1260.9000000000003,1,204.1,0,AWOU5IMX
3457.350000000001,2667.7000000000016,1,423.48333333333335,0,AWOU5IMX
1154.2600000000004,884.8000000000001,1,183.11666666666667,0,AWOU5IMX
1542.67,1226.0999999999997,1,201.18333333333334,0,AWOU5IMX
2258.6299999999997,1863.0,1,306.03333333333336,0,AWOU5IMX
2162.7199999999993,1733.0000000000005,1,281.95,0,AWOU5IMX
2900.85,2346.7999999999993,1,386.28333333333336,0,AWOU5IMX
2446.8600000000006,1962.5000000000002,1,311.01666666666665,0,AWOU5IMX
1990.3600000000004,1589.8000000000002,1,255.16666666666666,0,AWOU5IMX
2636.0300000000007,1886.9000000000005,1,311.53333333333336,0,AWOU5IMX
2600.79,2015.8999999999999,1,334.6,0,AWOU5IMX
4035.679999999998,3102.3000000000006,1,510.6,0,AWOU5IMX
2660.93,2198.0000000000005,1,350.7,0,AWOU5IMX
3234.559999999999,2508.5999999999995,1,489.98333333333335,0,AWOU5IMX
2968.0,2289.4,1,367.0833333333333,0,AWOU5IMX
1825.51,1422.4999999999998,1,226.61666666666667,0,AWOU5IMX
3181.3299999999995,2540.499999999999,1,420.6,0,AWOU5IMX
2404.079999999999,1908.9000000000003,1,330.01666666666665,0,AWOU5IMX
2521.7899999999995,2146.1999999999994,1,354.81666666666666,0,AWOU5IMX
3195.2500000000005,2652.4999999999995,1,430.6166666666667,0,AWOU5IMX
1631.07,1336.7999999999997,1,217.2,0,AWOU5IMX
3328.6899999999996,2574.6999999999994,1,429.68333333333334,0,AWOU5IMX
1697.9800000000005,1312.7999999999995,1,212.46666666666667,0,AWOU5IMX
1704.1499999999996,1373.0999999999997,1,225.88333333333333,0,AWOU5IMX
1414.2299999999996,1117.5000000000007,1,185.85,0,AWOU5IMX
3349.789999999998,2605.7999999999984,1,431.06666666666666,0,AWOU5IMX
2675.690000000001,2005.6000000000004,1,330.8666666666667,0,AWOU5IMX
4025.190000000001,3002.3999999999996,1,491.0,0,AWOU5IMX
2638.85,1889.9,1,343.43333333333334,0,AWOU5IMX
2410.18,1923.8999999999994,1,305.2,0,AWOU5IMX
2355.9799999999987,1742.1,1,296.3,0,AWOU5IMX
1424.2800000000004,1230.3,1,196.98333333333332,0,AWOU5IMX
3875.2,3042.2999999999975,1,484.6333333333333,0,AWOU5IMX
4282.240000000001,3336.800000000001,1,562.8333333333334,0,AWOU5IMX
2824.3899999999994,2199.400000000001,1,345.25,0,AWOU5IMX
4048.6100000000024,3037.6000000000013,1,491.4166666666667,0,AWOU5IMX
1599.0,1258.7000000000005,1,218.25,0,AWOU5IMX
1523.490000000001,1299.8000000000004,1,208.3,0,AWOU5IMX
2932.9900000000002,2423.8999999999987,1,397.95,0,AWOU5IMX
2538.4399999999996,2007.0000000000002,1,330.96666666666664,0,AWOU5IMX
2685.579999999998,2010.4999999999998,1,327.21666666666664,0,AWOU5IMX
2265.390000000001,1870.6999999999996,1,296.05,0,AWOU5IMX
1423.4299999999998,1095.8,1,250.23333333333332,0,AWOU5IMX
2377.630000000001,1754.8999999999999,1,292.1333333333333,0,AWOU5IMX
2547.2699999999986,1969.9,1,354.1166666666667,0,AWOU5IMX
1551.66,1226.9999999999998,1,191.16666666666666,0,AWOU5IMX
5186.609999999999,4119.000000000003,1,663.45,0,AWOU5IMX
2872.4799999999996,2248.0999999999995,1,356.53333333333336,0,AWOU5IMX
2817.7500000000014,2217.299999999999,1,370.1,0,AWOU5IMX
4611.150000000001,3838.9999999999995,1,626.65,0,AWOU5IMX
1220.4799999999996,903.6000000000001,1,149.2,0,AWOU5IMX
2854.4199999999996,2195.599999999999,1,361.43333333333334,0,AWOU5IMX
2829.5999999999995,2333.099999999999,1,375.3333333333333,0,AWOU5IMX
3737.349999999999,3064.400000000001,1,502.78333333333336,0,AWOU5IMX
2703.2799999999993,1960.7000000000005,1,330.06666666666666,0,AWOU5IMX
2514.210000000001,2023.8999999999996,1,328.1,0,AWOU5IMX
3718.92,2708.7000000000007,1,454.1666666666667,0,AWOU5IMX
4242.759999999999,3714.7,1,599.6833333333333,0,AWOU5IMX
4157.890000000002,3378.8999999999987,1,550.45,0,AWOU5IMX
1280.5699999999995,953.1999999999998,1,155.96666666666667,0,AWOU5IMX
4490.279999999997,3578.0,1,599.15,0,AWOU5IMX
2556.2400000000016,1930.8000000000002,1,346.3333333333333,0,AWOU5IMX
4246.900000000001,3259.8999999999987,1,542.2333333333333,0,AWOU5IMX
3975.2599999999998,2928.9000000000015,1,497.6666666666667,0,AWOU5IMX
1263.86,972.1000000000001,1,159.06666666666666,0,WVSI44XE
2384.88,1735.2,1,288.1,0,WVSI44XE
1590.0599999999997,1183.0999999999995,1,195.81666666666666,0,WVSI44XE
2137.2799999999997,1794.8999999999992,1,285.6166666666667,0,WVSI44XE
2331.860000000001,1823.9999999999998,1,308.51666666666665,0,WVSI44XE
2330.5500000000006,1742.6000000000001,1,302.51666666666665,0,WVSI44XE
1682.58,1309.6999999999996,1,216.75,0,WVSI44XE
1111.9100000000003,975.6,1,155.98333333333332,0,WVSI44XE
725.87,558.8000000000001,1,96.71666666666667,0,WVSI44XE
2587.16,2042.8999999999996,1,347.6333333333333,0,WVSI44XE
1683.83,1241.7999999999997,1,223.08333333333334,0,WVSI44XE
1938.4599999999998,1442.4000000000005,1,236.8,0,WVSI44XE
2486.71,2035.7000000000003,1,320.4166666666667,0,WVSI44XE
2236.6199999999994,1713.1999999999994,1,281.21666666666664,0,WVSI44XE
647.2900000000002,453.9,1,84.6,0,WVSI44XE
1477.74,1225.2,1,196.93333333333334,0,WVSI44XE
1999.23,1431.1999999999996,1,249.11666666666667,0,WVSI44XE
1765.6399999999999,1216.8000000000004,1,235.36666666666667,0,WVSI44XE
1918.7099999999998,1247.7,1,210.3,0,WVSI44XE
1872.9900000000011,1400.1000000000001,1,225.73333333333332,0,WVSI44XE
1444.1400000000003,1094.8999999999999,1,186.05,0,WVSI44XE
2008.3499999999995,1565.8000000000002,1,266.45,0,WVSI44XE
1792.97,1386.8,1,227.5,0,WVSI44XE
427.3599999999999,387.4,1,59.583333333333336,0,WVSI44XE
1685.7700000000004,1382.7000000000003,1,229.21666666666667,0,WVSI44XE
3363.0699999999997,2625.3000000000006,1,443.8666666666667,0,WVSI44XE
1723.1299999999999,1371.1000000000006,0,217.75,0,WVSI44XE
480.2099999999999,408.50000000000006,0,71.05,0,WVSI44XE
244.34,176.79999999999998,0,33.583333333333336,0,WVSI44XE
911.4700000000003,630.1999999999999,0,100.56666666666666,0,WVSI44XE
305.55,210.7,0,40.61666666666667,0,WVSI44XE
936.2599999999999,699.5,1,119.5,0,WVSI44XE
876.45,809.5999999999998,1,147.06666666666666,0,WVSI44XE
1413.6900000000003,1166.3999999999999,1,192.41666666666666,0,WVSI44XE
2619.0200000000004,2186.500000000001,1,348.6166666666667,0,WVSI44XE
3043.4199999999996,2324.2999999999993,1,381.01666666666665,0,WVSI44XE
1650.23,1161.1000000000001,1,203.55,0,WVSI44XE
1890.98,1538.7999999999997,0,256.6666666666667,0,WVSI44XE
1599.2999999999997,1239.6999999999996,0,204.68333333333334,0,WVSI44XE
580.6899999999999,524.0,0,87.33333333333333,0,WVSI44XE
1657.8699999999997,1223.4,0,198.43333333333334,0,WVSI44XE
970.07,613.9000000000001,0,106.08333333333333,0,WVSI44XE
200.82000000000002,138.1,1,25.783333333333335,0,WVSI44XE
2783.63,1969.3999999999999,1,328.8666666666667,0,WVSI44XE
2102.0800000000013,1677.1000000000008,1,269.45,0,WVSI44XE
1444.45,1085.7,1,185.78333333333333,0,WVSI44XE
2098.08,1484.3,1,258.51666666666665,0,WVSI44XE
1891.7699999999998,1618.1000000000001,1,270.75,0,WVSI44XE
2830.0900000000006,2202.999999999999,1,399.1333333333333,0,WVSI44XE
3040.2400000000002,2306.8,1,380.95,0,WVSI44XE
2470.980000000001,1936.1999999999991,1,313.93333333333334,0,WVSI44XE
3110.4800000000014,2317.2,1,389.05,0,WVSI44XE
676.75,536.9,1,85.73333333333333,0,WVSI44XE
2551.3000000000006,1853.9999999999998,1,308.6166666666667,0,WVSI44XE
2003.8999999999999,1435.3000000000002,1,247.46666666666667,0,WVSI44XE
1464.7800000000004,1115.3000000000002,1,185.05,0,WVSI44XE
1241.6399999999996,1046.6999999999996,1,176.28333333333333,0,WVSI44XE
1598.9200000000003,1445.3999999999994,1,228.73333333333332,0,WVSI44XE
1807.4099999999996,1533.8999999999996,1,246.58333333333334,0,WVSI44XE
1955.06,1556.6000000000004,1,249.73333333333332,0,WVSI44XE
3136.4200000000005,2420.799999999999,1,387.55,0,WVSI44XE
1662.0500000000004,1334.9000000000003,1,221.18333333333334,0,WVSI44XE
1985.5399999999995,1438.2000000000003,1,242.98333333333332,0,WVSI44XE
2587.059999999999,1893.4999999999995,1,336.53333333333336,0,WVSI44XE
1932.11,1482.1,1,248.28333333333333,0,WVSI44XE
947.8700000000001,683.1999999999999,1,125.78333333333333,0,WVSI44XE
1149.3999999999996,935.1,1,153.96666666666667,0,WVSI44XE
1700.4899999999998,1439.5999999999997,1,234.76666666666668,0,WVSI44XE
2721.8399999999997,2282.8,1,370.03333333333336,0,WVSI44XE
2049.690000000001,1572.8,1,255.93333333333334,0,WVSI44XE
1854.7800000000004,1419.0999999999997,1,229.15,0,WVSI44XE
2882.6199999999994,2329.4999999999995,1,394.26666666666665,0,WVSI44XE
2355.83,1775.2999999999993,1,293.15,0,WVSI44XE
2364.2700000000004,1751.9000000000003,1,285.8666666666667,0,WVSI44XE
2531.1799999999994,1893.9000000000005,1,321.4166666666667,0,WVSI44XE
1870.9000000000008,1571.6,1,253.78333333333333,0,WVSI44XE
1916.8299999999995,1459.4,1,253.8,0,WVSI44XE
1775.46,1472.8999999999996,1,231.98333333333332,0,WVSI44XE
2929.8600000000015,2397.4000000000005,1,385.93333333333334,0,WVSI44XE
1431.3899999999999,1200.5999999999995,1,201.73333333333332,0,WVSI44XE
2219.4399999999996,1900.3999999999999,1,287.31666666666666,0,WVSI44XE
2697.8100000000004,1999.5999999999997,1,325.8,0,WVSI44XE
1811.6699999999998,1407.1000000000001,1,277.8333333333333,0,WVSI44XE
1234.29,948.3999999999999,1,147.26666666666668,0,WVSI44XE
1884.6899999999998,1316.4000000000003,1,222.15,0,WVSI44XE
1302.3300000000004,1044.6000000000004,1,190.91666666666666,0,WVSI44XE
3509.7999999999993,2515.3000000000006,1,415.81666666666666,0,WVSI44XE
642.17,454.9000000000001,1,77.71666666666667,0,WVSI44XE
2395.9100000000008,1751.3000000000002,1,297.4166666666667,0,WVSI44XE
2226.84,1828.3999999999999,1,301.9166666666667,0,WVSI44XE
2914.7900000000004,2293.000000000001,1,366.4,0,WVSI44XE
2205.9799999999996,1913.4000000000008,1,294.35,0,WVSI44XE
2460.27,1652.8999999999996,1,277.45,0,WVSI44XE
1743.3700000000001,1467.1,1,244.35,0,WVSI44XE
1931.9300000000003,1407.8999999999999,1,225.43333333333334,0,WVSI44XE
1486.4599999999994,1124.0999999999995,1,181.3,0,WVSI44XE
2051.14,1544.3999999999999,1,271.7,0,WVSI44XE
1916.9999999999995,1493.1000000000001,1,246.05,0,WVSI44XE
830.03,710.8,1,149.51666666666668,0,WVSI44XE
1792.78,1425.1000000000001,1,233.85,0,WVSI44XE
2225.12,1741.3,1,287.75,0,WVSI44XE
1860.0800000000004,1615.1000000000001,1,325.55,0,WVSI44XE
515.46,338.3,1,56.583333333333336,0,WVSI44XE
2016.7500000000005,1544.3999999999994,1,324.8666666666667,0,WVSI44XE
1312.84,1060.0000000000002,1,174.18333333333334,0,WVSI44XE
2183.84,1647.3,1,266.65,0,WVSI44XE
2378.81,1952.6000000000008,1,339.65,0,WVSI44XE
2338.7700000000004,1802.5999999999997,1,288.06666666666666,0,WVSI44XE
2858.3000000000006,2469.2,1,403.15,0,WVSI44XE
1520.1599999999994,1344.2000000000003,1,216.65,0,WVSI44XE
3864.4200000000014,2942.8999999999996,1,484.85,0,WVSI44XE
3097.480000000002,2180.300000000001,1,375.85,0,WVSI44XE
2770.220000000001,2116.899999999999,1,371.2,0,WVSI44XE
2785.4800000000005,2142.7000000000003,1,340.9166666666667,0,WVSI44XE
1492.1800000000003,999.9999999999998,1,166.06666666666666,0,WVSI44XE
2370.5099999999998,1834.9999999999995,1,308.45,0,WVSI44XE
2785.88,2145.2,1,353.6166666666667,0,WVSI44XE
1380.1900000000005,1108.8,1,183.48333333333332,0,WVSI44XE
1616.3199999999997,1278.5999999999992,1,213.2,0,WVSI44XE
2314.349999999999,1954.2,1,324.35,0,WVSI44XE
865.5000000000002,642.3000000000002,1,106.85,0,WVSI44XE
2005.1700000000005,1556.3999999999994,1,254.63333333333333,0,WVSI44XE
1132.72,940.8999999999999,1,152.46666666666667,0,WVSI44XE
2119.5900000000006,1686.1999999999994,1,280.98333333333335,0,WVSI44XE
1465.5099999999998,1070.2999999999997,1,179.01666666666668,0,WVSI44XE
2708.879999999999,2158.6999999999994,1,357.5833333333333,0,WVSI44XE
2798.4999999999986,2288.7000000000007,1,370.3666666666667,0,WVSI44XE
2259.4500000000003,1705.0000000000007,1,352.45,0,WVSI44XE
1872.8899999999996,1342.0000000000005,1,218.63333333333333,0,WVSI44XE
3319.7300000000005,2691.8999999999987,1,439.03333333333336,0,WVSI44XE
2439.219999999999,1821.4999999999995,1,315.45,0,WVSI44XE
1275.6099999999997,1118.0,1,176.63333333333333,0,WVSI44XE
3197.77,2521.2999999999997,1,411.03333333333336,0,WVSI44XE
1927.0100000000004,1556.3999999999994,1,257.6166666666667,0,WVSI44XE
2115.2200000000007,1382.5000000000002,1,233.86666666666667,0,WVSI44XE
2894.88,2392.200000000001,1,398.28333333333336,0,WVSI44XE
1137.9199999999994,803.8000000000001,1,133.23333333333332,0,WVSI44XE
1883.849999999999,1300.9999999999995,1,219.11666666666667,0,WVSI44XE
3653.9300000000003,2803.2999999999965,1,450.6333333333333,0,WVSI44XE
2205.38,1786.8000000000006,1,288.65,0,WVSI44XE
3513.329999999999,2811.5000000000005,1,482.5833333333333,0,WVSI44XE
3341.6000000000004,2763.600000000002,1,482.76666666666665,0,WVSI44XE
3326.0000000000014,2708.900000000001,1,458.15,0,WVSI44XE
2509.74,2026.3999999999996,1,319.18333333333334,0,WVSI44XE
2894.239999999998,2407.2999999999984,1,415.1666666666667,0,WVSI44XE
1736.8699999999997,1429.6999999999998,1,236.36666666666667,0,WVSI44XE
1774.430000000001,1423.7,1,249.1,0,WVSI44XE
3089.6099999999988,2254.5999999999985,1,388.96666666666664,0,WVSI44XE
2527.7900000000013,2123.700000000001,1,350.3666666666667,0,WVSI44XE
1989.899999999999,1523.3,1,257.0,0,WVSI44XE
2760.210000000001,2137.8,1,356.2,0,WVSI44XE
259.98,204.3,1,31.8,0,WVSI44XE
2452.62,1863.7000000000003,1,322.0,0,WVSI44XE
4915.64,4180.000000000001,1,667.7333333333333,0,WVSI44XE
3322.2000000000025,2521.9999999999995,1,415.03333333333336,0,WVSI44XE
1376.91,1193.3,1,190.76666666666668,0,WVSI44XE
2399.6900000000005,1865.9000000000005,1,297.68333333333334,0,WVSI44XE
3728.160000000001,2928.900000000001,1,485.96666666666664,0,WVSI44XE
1460.4800000000002,914.6999999999999,1,160.4,0,WVSI44XE
1208.1299999999999,860.7000000000003,1,143.9,0,WVSI44XE
1267.4799999999998,1023.2000000000003,1,177.16666666666666,0,WVSI44XE
1726.1699999999998,1376.3999999999996,1,252.7,0,WVSI44XE
3908.029999999998,2969.8999999999996,1,511.6333333333333,0,WVSI44XE
3162.050000000002,2446.3,1,432.31666666666666,0,WVSI44XE
3247.0799999999995,2470.7999999999984,1,428.76666666666665,0,WVSI44XE
3024.3799999999997,2281.9999999999986,1,396.21666666666664,0,WVSI44XE
4131.469999999998,3219.8,1,539.4,0,WVSI44XE
3038.779999999999,2386.000000000001,1,392.4166666666667,0,WVSI44XE
3278.4099999999985,2670.7999999999993,1,449.5833333333333,0,WVSI44XE
4161.150000000001,3215.2000000000003,1,567.4,0,WVSI44XE
2820.1799999999994,2046.8000000000018,1,346.6333333333333,0,WVSI44XE
2140.3999999999996,1687.1999999999996,1,281.0,0,WVSI44XE
4447.240000000001,3362.100000000001,1,533.9166666666666,0,WVSI44XE
2941.21,2413.9999999999995,1,401.35,0,WVSI44XE
1363.6899999999998,1161.2999999999993,1,183.53333333333333,0,WVSI44XE
3661.0999999999976,2769.800000000001,1,466.55,0,WVSI44XE
4285.53,3329.800000000001,1,554.9666666666667,0,WVSI44XE
3099.979999999998,2373.0,1,392.65,0,WVSI44XE
3568.9,2655.4999999999995,1,440.71666666666664,0,WVSI44XE
3487.939999999999,2841.8,1,485.0,0,WVSI44XE
4017.479999999998,3123.1999999999994,1,509.6666666666667,0,WVSI44XE
1897.8299999999995,1424.3000000000004,1,232.36666666666667,0,WVSI44XE
1452.9700000000003,1229.4000000000003,1,210.2,0,WVSI44XE
2693.1999999999994,2160.799999999999,1,354.81666666666666,0,WVSI44XE
4453.640000000001,3588.499999999999,1,578.85,0,WVSI44XE
4781.580000000002,3757.800000000001,1,617.9,0,WVSI44XE
2511.009999999999,1810.9000000000008,1,301.53333333333336,0,WVSI44XE
3356.14,2634.1000000000004,1,446.03333333333336,0,WVSI44XE
4265.51,3152.000000000002,1,532.7166666666667,0,WVSI44XE
3700.4999999999986,2866.1,1,469.9,0,WVSI44XE
1015.2600000000001,1034.9999999999998,1,156.63333333333333,0,WVSI44XE
4727.150000000001,4029.0999999999967,1,648.9833333333333,0,WVSI44XE
2647.3300000000004,2023.9999999999986,1,333.7,0,WVSI44XE
1415.8600000000006,1004.3000000000001,1,165.43333333333334,0,12ZHA8WI
621.11,503.1999999999999,1,78.6,0,12ZHA8WI
2168.4100000000003,1635.3000000000009,1,281.8666666666667,0,12ZHA8WI
1498.1000000000001,1125.1000000000001,1,187.45,0,12ZHA8WI
2655.0799999999995,2257.500000000001,1,359.7,0,12ZHA8WI
1057.0999999999997,861.9,1,138.33333333333334,0,12ZHA8WI
2973.4999999999995,2186.2000000000003,1,362.01666666666665,0,12ZHA8WI
822.2500000000001,552.9000000000001,1,88.11666666666666,0,12ZHA8WI
1768.5,1314.8000000000002,1,221.51666666666668,0,12ZHA8WI
3254.3799999999997,2309.2,1,379.05,0,12ZHA8WI
1840.4199999999998,1313.9999999999995,1,228.86666666666667,0,12ZHA8WI
1205.4899999999998,946.6000000000003,1,162.35,0,12ZHA8WI
3238.9600000000005,2369.6,1,396.9166666666667,0,12ZHA8WI
2697.63,2062.1999999999994,1,352.65,0,12ZHA8WI
1393.3200000000002,1108.5999999999997,1,181.08333333333334,0,12ZHA8WI
2216.3700000000003,1573.2,1,262.68333333333334,0,12ZHA8WI
1307.2699999999998,957.7999999999998,1,151.45,0,12ZHA8WI
2330.7499999999995,1571.0000000000002,1,259.76666666666665,0,12ZHA8WI
2369.28,1815.2000000000007,1,301.93333333333334,0,12ZHA8WI
1401.200000000001,1153.4,1,189.65,0,12ZHA8WI
2457.1299999999997,1900.3,1,310.03333333333336,0,12ZHA8WI
2873.5200000000004,2135.399999999999,1,371.3833333333333,0,12ZHA8WI
2105.820000000001,1558.3000000000006,1,273.8833333333333,0,12ZHA8WI
2138.6100000000006,1692.6000000000004,1,284.15,0,12ZHA8WI
3213.8399999999974,2461.2999999999984,0,397.06666666666666,0,12ZHA8WI
147.82999999999998,148.5,0,6.2,0,12ZHA8WI
1646.0699999999997,1261.4999999999998,0,17.566666666666666,0,12ZHA8WI
178.46000000000004,198.7,1,209.66666666666666,0,12ZHA8WI
1398.2699999999995,1202.6000000000001,0,31.366666666666667,0,12ZHA8WI
1310.5300000000004,1117.7000000000003,1,191.98333333333332,0,12ZHA8WI
2128.719999999999,1703.6,1,188.75,0,12ZHA8WI
2582.030000000001,1845.3999999999994,1,265.53333333333336,0,12ZHA8WI
2675.32,2036.3000000000002,1,305.56666666666666,0,12ZHA8WI
997.7300000000001,692.4,1,340.6166666666667,0,12ZHA8WI
1839.8199999999995,1522.1,1,120.2,0,12ZHA8WI
1298.1800000000003,1054.8,0,246.86666666666667,0,12ZHA8WI
1720.7500000000005,1318.0,0,167.41666666666666,0,12ZHA8WI
39.14,61.8,0,210.41666666666666,0,12ZHA8WI
288.89,185.4,0,15.866666666666667,0,12ZHA8WI
1294.77,988.5000000000001,0,35.016666666666666,0,12ZHA8WI
951.0999999999999,803.5,1,171.58333333333334,0,12ZHA8WI
2482.7300000000014,2022.4000000000003,1,132.01666666666668,0,12ZHA8WI
2513.8800000000006,2168.6,1,344.43333333333334,0,12ZHA8WI
1852.5000000000005,1496.4000000000005,1,344.4166666666667,0,12ZHA8WI
1100.0800000000004,928.7,1,251.26666666666668,0,12ZHA8WI
2420.6800000000007,2091.1,1,161.23333333333332,0,12ZHA8WI
2222.2899999999995,1787.6999999999996,1,343.3666666666667,0,12ZHA8WI
1516.78,1294.7999999999997,1,293.05,0,12ZHA8WI
2213.2599999999998,1853.8999999999999,1,213.0,0,12ZHA8WI
4021.8999999999996,3020.399999999999,1,287.1666666666667,0,12ZHA8WI
1904.8900000000006,1537.7999999999995,1,488.0833333333333,0,12ZHA8WI
2627.2000000000003,2088.6000000000013,1,254.81666666666666,0,12ZHA8WI
1742.880000000001,1495.4999999999998,1,345.45,0,12ZHA8WI
946.6699999999998,864.9999999999998,1,231.4,0,12ZHA8WI
1953.889999999999,1970.8,1,139.8,0,12ZHA8WI
1293.3499999999995,1002.6999999999996,1,306.85,0,12ZHA8WI
2128.21,1666.4,1,169.15,0,12ZHA8WI
1629.4899999999998,1336.7000000000005,1,277.25,0,12ZHA8WI
1279.8600000000001,973.1,1,216.86666666666667,0,12ZHA8WI
2089.9700000000003,1675.8999999999994,1,160.6,0,12ZHA8WI
2410.4000000000005,1790.7999999999995,1,270.6333333333333,0,12ZHA8WI
3562.1999999999994,2467.9000000000005,1,305.3333333333333,0,12ZHA8WI
2006.62,1605.0000000000002,1,413.7,0,12ZHA8WI
2453.9000000000005,1920.2000000000003,1,319.0833333333333,0,12ZHA8WI
2499.0399999999995,1907.4999999999993,1,312.56666666666666,0,12ZHA8WI
2732.6900000000005,2152.4000000000005,1,313.01666666666665,0,12ZHA8WI
1182.3700000000001,966.8000000000002,1,352.6166666666667,0,12ZHA8WI
1118.6100000000004,883.6,1,160.43333333333334,0,12ZHA8WI
2207.2900000000004,1443.9999999999995,1,145.66666666666666,0,12ZHA8WI
2076.72,1519.099999999999,1,249.33333333333334,0,12ZHA8WI
2924.490000000001,2131.600000000002,1,253.23333333333332,0,12ZHA8WI
2987.3299999999986,2430.4,1,356.48333333333335,0,12ZHA8WI
2066.53,1603.3999999999996,1,424.4166666666667,0,12ZHA8WI
2333.120000000001,1745.6000000000004,1,261.1666666666667,0,12ZHA8WI
2171.32,1606.7999999999997,1,289.7,0,12ZHA8WI
2655.3799999999987,2264.7,1,274.1333333333333,0,12ZHA8WI
1169.38,842.7999999999997,1,370.0833333333333,0,12ZHA8WI
3418.6600000000008,2369.3,1,149.96666666666667,0,12ZHA8WI
2534.0499999999997,2170.3000000000006,1,415.3666666666667,0,12ZHA8WI
3802.7999999999984,3133.0000000000023,1,357.68333333333334,0,12ZHA8WI
2481.380000000001,2026.2999999999997,1,521.2833333333333,0,12ZHA8WI
2393.0800000000004,1838.0000000000002,1,315.18333333333334,0,12ZHA8WI
3872.589999999999,2709.8,1,301.26666666666665,0,12ZHA8WI
3960.98,3131.7000000000003,1,465.1166666666667,0,12ZHA8WI
2939.5799999999986,2435.6,1,518.7666666666667,0,12ZHA8WI
4421.299999999999,3499.0,1,392.4166666666667,0,12ZHA8WI
2416.68,1917.3999999999992,1,568.3,0,12ZHA8WI
3528.2800000000007,2635.299999999999,1,314.51666666666665,0,12ZHA8WI
2356.350000000001,1817.4999999999998,1,428.3833333333333,0,12ZHA8WI
2278.689999999999,1786.5999999999997,1,296.25,0,12ZHA8WI
2634.230000000001,1924.3999999999992,1,289.0,0,12ZHA8WI
2901.9600000000005,2258.4,1,335.96666666666664,0,12ZHA8WI
2819.7199999999975,2027.1,1,374.5,0,12ZHA8WI
4693.800000000001,3438.899999999997,1,338.01666666666665,0,12ZHA8WI
2688.969999999999,1898.500000000001,1,572.5,0,12ZHA8WI
2117.7500000000005,1632.7999999999997,1,345.75,0,12ZHA8WI
3237.7299999999987,2516.9999999999995,1,262.1666666666667,0,12ZHA8WI
4007.020000000001,2911.100000000001,1,415.48333333333335,0,12ZHA8WI
3042.4500000000007,2521.4000000000015,1,486.75,0,12ZHA8WI
3747.3899999999976,3026.1000000000004,1,399.15,0,12ZHA8WI
1480.0400000000002,992.9,1,502.18333333333334,0,12ZHA8WI
2343.51,1642.8,1,180.43333333333334,0,12ZHA8WI
3304.920000000002,2548.2000000000007,1,274.4166666666667,0,12ZHA8WI
3818.49,2968.0000000000014,1,421.5833333333333,0,12ZHA8WI
1962.6999999999996,1433.6999999999996,1,482.0,0,12ZHA8WI
2123.5800000000004,1567.9999999999995,1,241.5,0,12ZHA8WI
2219.3799999999997,1739.6000000000004,1,323.3833333333333,0,12ZHA8WI
3980.530000000001,3011.9999999999995,1,283.75,0,12ZHA8WI
1518.6300000000003,1253.6,1,500.75,0,12ZHA8WI
3317.029999999999,2694.5999999999995,1,210.01666666666668,0,12ZHA8WI
5552.929999999999,4184.500000000001,1,439.01666666666665,0,12ZHA8WI
3559.5300000000007,2766.899999999997,1,694.4166666666666,0,12ZHA8WI
3256.979999999999,2382.4,1,452.15,0,12ZHA8WI
2195.15,1619.1999999999996,1,380.73333333333335,0,12ZHA8WI
3485.0200000000004,2967.399999999999,1,289.3666666666667,0,12ZHA8WI
2778.829999999999,2177.100000000001,1,471.73333333333335,0,12ZHA8WI
1954.8600000000001,1429.1999999999998,1,352.85,0,12ZHA8WI
4665.849999999999,3536.400000000001,1,243.61666666666667,0,12ZHA8WI
4306.950000000002,3674.2000000000003,1,585.0166666666667,0,12ZHA8WI
3668.6499999999987,3023.0000000000014,1,600.4333333333333,0,12ZHA8WI
1295.29,1056.3,1,481.8666666666667,0,12ZHA8WI
2913.7,2104.4000000000015,1,179.55,0,12ZHA8WI
2666.9300000000007,2217.4,1,359.23333333333335,0,12ZHA8WI
4213.289999999997,3536.800000000003,1,359.85,0,12ZHA8WI
4829.939999999998,3681.1000000000004,1,577.5666666666667,0,12ZHA8WI
3738.3400000000015,2777.9,1,607.55,0,12ZHA8WI
2620.66,1969.8999999999996,1,453.8833333333333,0,12ZHA8WI
2123.6399999999994,1599.2999999999997,1,338.7,0,12ZHA8WI
6107.590000000001,4505.700000000001,1,255.43333333333334,0,12ZHA8WI
2358.5699999999997,1757.8000000000006,1,739.6333333333333,0,12ZHA8WI
2130.9300000000007,1648.0,1,278.6,0,12ZHA8WI
2966.839999999999,2531.3000000000015,1,396.93333333333334,0,H4R6Y02Y
1219.8200000000002,899.4000000000002,1,148.41666666666666,0,H4R6Y02Y
1759.86,1576.8999999999992,1,268.5,0,H4R6Y02Y
888.2900000000001,588.1999999999999,1,104.43333333333334,0,H4R6Y02Y
2093.590000000001,1684.8,1,285.3,0,H4R6Y02Y
1729.5399999999995,1320.5999999999997,1,220.83333333333334,0,H4R6Y02Y
1908.779999999999,1393.6,1,244.06666666666666,0,H4R6Y02Y
2738.809999999998,2099.9,1,339.6666666666667,0,H4R6Y02Y
2861.399999999999,2122.2999999999993,1,355.76666666666665,0,H4R6Y02Y
2553.5499999999993,1814.3999999999999,1,309.9166666666667,0,H4R6Y02Y
2001.3299999999997,1441.1000000000004,1,242.71666666666667,0,H4R6Y02Y
2630.55,1964.3999999999994,1,322.73333333333335,0,H4R6Y02Y
1696.2800000000004,1372.5000000000005,1,214.93333333333334,0,H4R6Y02Y
2551.8599999999988,1961.0000000000007,1,318.4,0,H4R6Y02Y
2599.8299999999995,2115.9999999999995,1,354.21666666666664,0,H4R6Y02Y
2932.8999999999996,2214.2000000000016,1,362.9,0,H4R6Y02Y
1648.8799999999999,1288.3000000000002,1,226.86666666666667,0,H4R6Y02Y
2944.3400000000006,2370.9,1,387.78333333333336,0,H4R6Y02Y
850.87,721.3000000000002,1,136.35,0,H4R6Y02Y
2278.2999999999993,1671.8,1,284.76666666666665,0,H4R6Y02Y
780.6800000000001,646.9999999999998,1,98.61666666666666,0,H4R6Y02Y
2960.8800000000006,2531.8999999999996,0,451.55,0,H4R6Y02Y
1887.0999999999997,1425.4999999999995,0,240.55,0,H4R6Y02Y
264.33,236.70000000000005,0,39.8,0,H4R6Y02Y
344.37000000000006,301.50000000000006,0,51.2,0,H4R6Y02Y
392.69999999999993,279.70000000000005,0,43.38333333333333,0,H4R6Y02Y
132.85999999999999,112.0,1,17.25,0,H4R6Y02Y
667.2200000000003,542.3000000000001,1,89.71666666666667,0,H4R6Y02Y
1780.8600000000004,1437.9999999999998,1,235.88333333333333,0,H4R6Y02Y
856.4300000000002,714.6999999999997,1,115.86666666666666,0,H4R6Y02Y
2366.2699999999973,1690.4999999999993,1,290.15,0,H4R6Y02Y
2462.5400000000004,2079.1,1,355.65,0,H4R6Y02Y
1249.4299999999996,928.0000000000002,1,149.15,0,H4R6Y02Y
1581.2400000000007,1128.4,0,186.85,0,H4R6Y02Y
3696.76,2828.799999999999,0,477.55,0,H4R6Y02Y
499.55999999999995,450.8000000000001,0,80.28333333333333,0,H4R6Y02Y
330.15999999999997,247.49999999999997,0,42.583333333333336,0,H4R6Y02Y
975.5100000000003,822.1999999999998,0,132.95,0,H4R6Y02Y
248.6,238.6,1,42.18333333333333,0,H4R6Y02Y
1425.25,1131.1,1,197.41666666666666,0,H4R6Y02Y
4414.22,3406.8,1,567.4333333333333,0,H4R6Y02Y
3157.9700000000007,2783.299999999999,1,459.0833333333333,0,H4R6Y02Y
1336.4299999999998,992.4000000000001,1,174.35,0,H4R6Y02Y
2659.4800000000005,2050.599999999999,1,340.1166666666667,0,H4R6Y02Y
1682.2500000000002,1412.700000000001,1,232.86666666666667,0,H4R6Y02Y
1696.3600000000001,1206.1000000000006,1,199.76666666666668,0,H4R6Y02Y
2792.4900000000016,2144.5,1,361.4166666666667,0,H4R6Y02Y
2044.8099999999997,1575.3999999999999,1,264.98333333333335,0,H4R6Y02Y
3303.420000000001,2544.7000000000007,1,428.28333333333336,0,H4R6Y02Y
2114.2700000000004,1723.3000000000002,1,285.8,0,H4R6Y02Y
2164.1500000000005,1750.1000000000006,1,288.85,0,H4R6Y02Y
1792.1300000000006,1471.2000000000003,1,239.71666666666667,0,H4R6Y02Y
2359.9700000000003,1793.8999999999999,1,282.3333333333333,0,H4R6Y02Y
1471.5899999999997,1090.2000000000003,1,177.71666666666667,0,H4R6Y02Y
3011.109999999999,2312.0,1,377.81666666666666,0,H4R6Y02Y
4208.990000000002,3255.0000000000005,1,531.0,0,H4R6Y02Y
2577.3299999999986,1837.4999999999995,1,296.03333333333336,0,H4R6Y02Y
1231.0299999999997,1054.4,1,179.55,0,H4R6Y02Y
1692.2200000000005,1210.3000000000004,1,214.43333333333334,0,H4R6Y02Y
1737.3799999999999,1353.1000000000001,1,222.81666666666666,0,H4R6Y02Y
2851.110000000001,2262.000000000001,1,372.76666666666665,0,H4R6Y02Y
1461.4199999999998,1141.4000000000003,1,191.05,0,H4R6Y02Y
3229.509999999999,2555.2000000000016,1,461.25,0,H4R6Y02Y
2232.3800000000006,1774.599999999999,1,291.81666666666666,0,H4R6Y02Y
2408.55,1901.6999999999998,1,307.4166666666667,0,H4R6Y02Y
348.57000000000005,242.30000000000004,1,38.983333333333334,0,H4R6Y02Y
934.8500000000003,893.5999999999998,1,143.46666666666667,0,H4R6Y02Y
3504.25,2464.2999999999997,1,415.71666666666664,0,H4R6Y02Y
1288.4900000000002,1017.8999999999999,1,162.65,0,H4R6Y02Y
3297.420000000001,2452.5,1,405.35,0,H4R6Y02Y
1375.2500000000002,1010.7,1,163.51666666666668,0,H4R6Y02Y
2114.9599999999996,1692.1000000000001,1,276.53333333333336,0,H4R6Y02Y
2582.7700000000004,2040.0000000000007,1,338.85,0,H4R6Y02Y
3358.3700000000017,2648.3000000000015,1,442.3666666666667,0,H4R6Y02Y
1394.6800000000003,1141.7999999999997,1,181.88333333333333,0,H4R6Y02Y
2779.1400000000003,2197.8000000000006,1,360.3833333333333,0,H4R6Y02Y
2194.2899999999986,1805.1999999999996,1,289.85,0,H4R6Y02Y
2313.870000000001,1609.0000000000002,1,272.75,0,H4R6Y02Y
4808.939999999997,3578.399999999999,1,601.6666666666666,0,H4R6Y02Y
3711.360000000002,2777.9000000000005,1,460.05,0,H4R6Y02Y
2102.02,1482.3999999999994,1,240.53333333333333,0,H4R6Y02Y
4158.250000000002,3264.499999999999,1,533.6833333333333,0,H4R6Y02Y
5027.560000000001,3865.000000000001,1,632.1166666666667,0,H4R6Y02Y
2785.1099999999983,2149.5999999999995,1,367.68333333333334,0,H4R6Y02Y
2838.7800000000007,2237.699999999999,1,382.9,0,H4R6Y02Y
3261.0299999999997,2532.4999999999995,1,413.65,0,H4R6Y02Y
3945.4199999999983,2855.7999999999997,1,472.18333333333334,0,H4R6Y02Y
5110.159999999994,4033.5000000000014,1,654.7666666666667,0,H4R6Y02Y
2833.5099999999993,2037.8000000000006,1,344.3666666666667,0,H4R6Y02Y
2786.7099999999987,2326.599999999999,1,384.53333333333336,0,H4R6Y02Y
2643.99,2225.400000000001,1,382.98333333333335,0,H4R6Y02Y
5048.1100000000015,4303.300000000001,1,693.5166666666667,0,H4R6Y02Y
4505.030000000002,3264.899999999998,1,544.4,0,H4R6Y02Y
4755.99,3373.2000000000007,1,553.6166666666667,0,H4R6Y02Y
4209.339999999998,3388.7,1,551.55,0,H4R6Y02Y
356.44,266.20000000000005,1,43.61666666666667,0,H4R6Y02Y
1512.5,1218.8000000000002,1,201.78333333333333,0,H4R6Y02Y
2262.329999999999,1608.1000000000006,1,264.3833333333333,0,3A6STZAR
2294.42,1708.800000000001,1,287.18333333333334,0,3A6STZAR
1916.5299999999995,1529.5000000000005,1,256.6,0,3A6STZAR
1211.2600000000004,816.2000000000002,1,188.91666666666666,0,3A6STZAR
153.2,105.60000000000002,1,18.083333333333332,0,3A6STZAR
1863.76,1392.4000000000003,1,228.56666666666666,0,3A6STZAR
3060.100000000001,2475.3000000000006,1,414.71666666666664,0,3A6STZAR
1457.8200000000008,1185.2,1,195.51666666666668,0,3A6STZAR
1028.5900000000001,832.0,1,196.53333333333333,0,3A6STZAR
979.0900000000003,792.5999999999999,1,170.98333333333332,0,3A6STZAR
2539.3099999999995,1717.4,1,287.53333333333336,0,3A6STZAR
616.6,540.9,1,86.73333333333333,0,3A6STZAR
2537.6600000000008,2026.8,1,336.71666666666664,0,3A6STZAR
1586.65,1346.3999999999999,1,218.91666666666666,0,3A6STZAR
1570.0099999999993,1318.2,1,207.88333333333333,0,3A6STZAR
1593.16,1227.4,1,206.03333333333333,0,3A6STZAR
2720.33,2301.299999999999,1,445.3333333333333,0,3A6STZAR
1638.79,1228.5,1,197.61666666666667,0,3A6STZAR
1767.1100000000004,1388.5,1,234.3,0,3A6STZAR
1635.9200000000005,1266.3,1,212.0,0,3A6STZAR
1378.32,958.5000000000001,1,163.95,0,3A6STZAR
1435.71,993.2999999999998,1,159.86666666666667,0,3A6STZAR
1041.4099999999999,894.5999999999999,1,150.28333333333333,0,3A6STZAR
1604.0,1233.9000000000008,1,222.23333333333332,0,3A6STZAR
1911.6699999999998,1595.0000000000005,1,255.78333333333333,0,3A6STZAR
2651.5499999999997,2355.5000000000005,1,375.35,0,3A6STZAR
1524.1199999999997,1075.8000000000004,0,193.63333333333333,0,3A6STZAR
1444.93,1175.8999999999996,0,200.08333333333334,0,3A6STZAR
337.53999999999996,254.9,0,46.516666666666666,0,3A6STZAR
536.12,363.69999999999993,0,63.666666666666664,0,3A6STZAR
247.32999999999998,238.20000000000002,0,39.56666666666667,0,3A6STZAR
516.57,384.7,1,65.71666666666667,0,3A6STZAR
1108.19,902.5,1,143.38333333333333,0,3A6STZAR
3249.729999999999,2497.4000000000005,1,407.96666666666664,0,3A6STZAR
618.3800000000002,492.70000000000005,1,79.08333333333333,0,3A6STZAR
731.6,523.9000000000001,1,86.46666666666667,0,3A6STZAR
1811.4600000000003,1466.5000000000002,1,227.63333333333333,0,3A6STZAR
2310.21,1605.1999999999996,1,267.1,0,3A6STZAR
979.2400000000001,791.6000000000001,1,126.71666666666667,0,3A6STZAR
1863.9499999999996,1369.5000000000005,1,228.3,0,3A6STZAR
1160.66,834.2000000000002,0,134.78333333333333,0,3A6STZAR
2101.35,1506.0999999999997,0,247.61666666666667,0,3A6STZAR
375.44000000000005,317.5,0,52.85,0,3A6STZAR
313.96999999999997,326.7,0,2.25,0,3A6STZAR
234.86999999999995,151.0,1,49.68333333333333,0,3A6STZAR
2390.9099999999994,1848.7000000000005,1,27.233333333333334,0,3A6STZAR
1397.8899999999999,1066.3000000000002,1,363.0833333333333,0,3A6STZAR
1994.4599999999996,1498.8,1,177.11666666666667,0,3A6STZAR
1601.1499999999999,1316.6999999999996,1,251.55,0,3A6STZAR
1865.809999999999,1481.0000000000002,1,220.35,0,3A6STZAR
2009.8500000000004,1597.9999999999998,1,242.9,0,3A6STZAR
1860.5,1688.9,1,266.3666666666667,0,3A6STZAR
2705.7200000000007,2138.100000000001,1,280.4,0,3A6STZAR
1880.5699999999993,1359.8,1,345.35,0,3A6STZAR
2045.8399999999997,1442.8999999999994,1,237.75,0,3A6STZAR
852.4199999999998,640.4,1,241.41666666666666,0,3A6STZAR
1394.29,1123.5999999999997,1,101.5,0,3A6STZAR
1517.6300000000008,1224.6000000000001,1,194.75,0,3A6STZAR
1348.6200000000003,1065.1000000000001,1,200.45,0,3A6STZAR
1403.7200000000005,1159.6000000000004,1,179.85,0,3A6STZAR
2770.2500000000023,2198.0000000000005,1,189.85,0,3A6STZAR
650.4999999999999,504.20000000000005,1,360.03333333333336,0,3A6STZAR
912.9800000000001,801.4999999999998,1,85.66666666666667,0,3A6STZAR
1850.1399999999999,1431.7000000000005,1,124.85,0,3A6STZAR
1880.4899999999993,1460.1,1,240.01666666666668,0,3A6STZAR
2784.3399999999997,2136.5000000000005,1,231.51666666666668,0,3A6STZAR
1729.2199999999993,1431.8000000000002,1,358.01666666666665,0,3A6STZAR
1849.77,1462.2999999999997,1,235.31666666666666,0,3A6STZAR
589.96,484.3999999999999,1,71.66666666666667,0,3A6STZAR
1803.5600000000002,1180.8999999999999,1,198.6,0,3A6STZAR
3461.2499999999995,2596.9000000000005,1,429.4,0,3A6STZAR
1175.65,998.1000000000003,1,162.75,0,3A6STZAR
2630.24,2002.9000000000005,1,334.1166666666667,0,3A6STZAR
1034.1,777.9000000000002,1,120.45,0,3A6STZAR
489.33000000000004,434.89999999999986,1,72.2,0,3A6STZAR
1791.5400000000002,1404.7000000000003,1,232.01666666666668,0,3A6STZAR
359.80999999999995,259.09999999999997,1,40.8,0,3A6STZAR
2720.8499999999995,2262.0,1,375.4,0,3A6STZAR
1105.2599999999995,929.4000000000003,1,143.7,0,3A6STZAR
823.8999999999997,638.8000000000001,1,101.1,0,3A6STZAR
1534.2499999999995,1189.1000000000001,1,253.78333333333333,0,3A6STZAR
864.3699999999998,634.4000000000001,1,106.06666666666666,0,3A6STZAR
1787.5700000000002,1516.5,1,247.26666666666668,0,3A6STZAR
2023.84,1515.4,1,243.86666666666667,0,3A6STZAR
1906.3700000000001,1487.8000000000002,1,235.33333333333334,0,3A6STZAR
2098.1800000000007,1629.1000000000004,1,254.36666666666667,0,3A6STZAR
1703.9899999999998,1226.6000000000001,1,202.38333333333333,0,3A6STZAR
2442.22,1967.4,1,312.3333333333333,0,3A6STZAR
755.0699999999999,546.6999999999999,1,90.48333333333333,0,3A6STZAR
3080.9999999999995,2339.9999999999986,1,392.68333333333334,0,3A6STZAR
571.2199999999999,508.0,1,82.18333333333334,0,3A6STZAR
1048.76,753.0000000000002,1,134.6,0,3A6STZAR
2057.3099999999995,1542.3000000000004,1,256.23333333333335,0,3A6STZAR
3164.1199999999994,2671.299999999999,1,444.51666666666665,0,3A6STZAR
1197.1100000000004,930.5000000000001,1,153.05,0,3A6STZAR
2052.1400000000003,1515.6000000000008,1,256.8333333333333,0,3A6STZAR
2304.930000000002,1834.9999999999998,1,294.65,0,3A6STZAR
2258.0299999999997,1610.7000000000007,1,269.0833333333333,0,3A6STZAR
1612.0399999999995,1227.6999999999998,1,209.78333333333333,0,3A6STZAR
2950.8600000000015,2293.7000000000003,1,376.65,0,3A6STZAR
2303.369999999998,1829.4999999999993,1,301.6333333333333,0,3A6STZAR
2331.7199999999993,1909.4,1,318.03333333333336,0,3A6STZAR
1580.5900000000004,1133.7999999999995,1,187.51666666666668,0,3A6STZAR
2498.9,1742.4999999999998,1,293.65,0,3A6STZAR
3770.6199999999976,2853.6999999999994,1,467.8666666666667,0,3A6STZAR
1804.9900000000007,1388.4999999999995,1,236.23333333333332,0,3A6STZAR
1524.8399999999997,1247.3999999999996,1,199.38333333333333,0,3A6STZAR
1963.4500000000003,1502.8,1,250.13333333333333,0,3A6STZAR
3176.539999999999,2220.8999999999996,1,369.48333333333335,0,3A6STZAR
2967.7600000000016,2326.1,1,380.7,0,3A6STZAR
1283.1099999999997,892.9999999999998,1,146.33333333333334,0,3A6STZAR
1082.6999999999996,826.1999999999998,1,182.71666666666667,0,3A6STZAR
1295.4499999999996,1128.6000000000004,1,183.45,0,3A6STZAR
2529.9000000000005,1889.4,1,326.3,0,3A6STZAR
1029.6899999999998,769.7,1,141.93333333333334,0,3A6STZAR
1704.2999999999997,1457.9000000000005,1,239.53333333333333,0,3A6STZAR
2907.04,2442.400000000001,1,392.01666666666665,0,3A6STZAR
2308.12,1895.7000000000005,1,309.35,0,3A6STZAR
1805.6299999999999,1337.6999999999998,1,268.56666666666666,0,3A6STZAR
1693.5500000000002,1174.7000000000003,1,196.51666666666668,0,3A6STZAR
1227.4799999999998,944.9999999999999,1,155.76666666666668,0,3A6STZAR
2027.6799999999998,1762.5,1,280.68333333333334,0,3A6STZAR
2794.19,1982.2999999999997,1,331.9,0,3A6STZAR
2003.6599999999994,1532.0999999999995,1,261.5833333333333,0,3A6STZAR
2648.92,1962.8999999999994,1,312.0833333333333,0,3A6STZAR
2263.070000000001,1856.7000000000014,1,302.78333333333336,0,3A6STZAR
1273.0800000000002,974.0999999999998,1,159.06666666666666,0,3A6STZAR
770.1299999999997,622.0,1,101.25,0,3A6STZAR
1387.29,1075.6999999999998,1,191.45,0,3A6STZAR
3407.9499999999994,2591.7999999999984,1,419.96666666666664,0,3A6STZAR
1972.4099999999999,1712.1999999999998,1,300.01666666666665,0,3A6STZAR
1855.1500000000008,1502.4999999999998,1,252.45,0,3A6STZAR
2462.5100000000007,1808.7999999999995,1,311.4,0,3A6STZAR
1784.7800000000004,1471.3,1,245.7,0,3A6STZAR
1693.5900000000001,1338.8999999999999,1,210.11666666666667,0,3A6STZAR
1882.8000000000002,1469.2,1,236.8,0,3A6STZAR
3801.730000000002,2970.2999999999993,1,486.8833333333333,0,3A6STZAR
2678.1599999999994,2149.399999999999,1,339.25,0,3A6STZAR
1975.21,1404.2999999999997,1,233.46666666666667,0,3A6STZAR
1928.4499999999998,1397.4999999999993,1,236.28333333333333,0,3A6STZAR
2563.819999999999,1951.9000000000003,1,324.75,0,3A6STZAR
894.27,643.8,1,104.83333333333333,0,3A6STZAR
3615.889999999998,2725.7999999999997,1,450.3,0,3A6STZAR
1075.4999999999998,812.8999999999997,1,145.55,0,3A6STZAR
2795.3799999999997,2006.9999999999998,1,331.3333333333333,0,3A6STZAR
2307.3199999999993,1681.3999999999999,1,288.25,0,3A6STZAR
2208.719999999999,1848.2999999999995,1,345.0,0,3A6STZAR
2080.0499999999997,1512.0000000000002,1,243.48333333333332,0,3A6STZAR
1776.23,1406.8999999999994,1,232.83333333333334,0,3A6STZAR
1806.5800000000004,1469.1000000000004,1,302.4,0,3A6STZAR
3046.6899999999987,2526.3000000000006,1,414.15,0,3A6STZAR
3109.100000000001,2209.5000000000005,1,387.53333333333336,0,3A6STZAR
2137.2299999999996,1649.8000000000002,1,284.53333333333336,0,3A6STZAR
2969.4799999999996,2209.2000000000003,1,415.75,0,3A6STZAR
1788.4299999999998,1381.1999999999998,1,290.35,0,3A6STZAR
2484.949999999999,1933.0,1,315.3666666666667,0,3A6STZAR
1711.8699999999997,1200.1999999999998,1,216.4,0,3A6STZAR
540.57,445.6,1,119.93333333333334,0,3A6STZAR
1799.1899999999998,1255.3000000000004,1,216.35,0,3A6STZAR
4255.790000000001,3206.0999999999995,1,519.25,0,3A6STZAR
2718.970000000001,2234.1000000000004,1,371.1166666666667,0,3A6STZAR
2456.6200000000003,2102.7,1,352.71666666666664,0,3A6STZAR
2516.31,1820.5,1,305.6333333333333,0,3A6STZAR
2065.3100000000004,1687.2999999999997,1,277.9166666666667,0,3A6STZAR
1300.53,931.4,1,154.28333333333333,0,3A6STZAR
2441.61,1927.3999999999992,1,326.01666666666665,0,3A6STZAR
648.2,495.39999999999986,1,145.56666666666666,0,3A6STZAR
1227.2400000000002,1011.2000000000002,1,165.61666666666667,0,3A6STZAR
1620.58,1359.3999999999996,1,224.38333333333333,0,3A6STZAR
2636.7599999999993,2027.100000000001,1,330.96666666666664,0,3A6STZAR
1562.5999999999995,1032.4999999999995,1,173.5,0,3A6STZAR
2966.5699999999997,2534.400000000001,1,405.81666666666666,0,3A6STZAR
3659.3800000000006,2956.7999999999984,1,487.18333333333334,0,3A6STZAR
1402.9200000000003,1232.8999999999999,1,192.26666666666668,0,3A6STZAR
3080.7199999999993,2373.099999999999,1,401.73333333333335,0,3A6STZAR
827.9599999999999,653.7,1,100.53333333333333,0,3A6STZAR
2042.45,1751.0000000000007,1,281.3,0,3A6STZAR
1012.6000000000004,857.9999999999999,1,159.0,0,3A6STZAR
2158.9699999999993,1692.0,1,292.06666666666666,0,3A6STZAR
1447.8500000000004,1032.6,1,228.45,0,3A6STZAR
1200.4600000000005,1093.3000000000002,1,190.0,0,3A6STZAR
1053.2800000000002,828.1,1,134.03333333333333,0,3A6STZAR
3636.019999999998,2618.0,1,436.45,0,3A6STZAR
2560.02,1988.1,1,332.2,0,3A6STZAR
524.77,397.70000000000016,1,68.28333333333333,0,3A6STZAR
1944.4299999999994,1341.4,1,229.78333333333333,0,3A6STZAR
1889.4700000000003,1601.399999999999,1,267.8666666666667,0,3A6STZAR
2075.47,1653.099999999999,1,280.1,0,3A6STZAR
2229.599999999999,1834.7999999999993,1,295.68333333333334,0,3A6STZAR
1976.61,1589.7999999999995,1,250.8,0,3A6STZAR
1443.3000000000002,1035.3,1,168.13333333333333,0,3A6STZAR
1565.54,1330.8999999999999,1,212.6,0,3A6STZAR
2017.0200000000002,1645.5,1,347.65,0,3A6STZAR
2530.66,2142.8999999999996,1,404.01666666666665,0,3A6STZAR
3113.4499999999985,2557.899999999999,1,163.51666666666668,0,3A6STZAR
1200.78,999.7000000000002,1,349.5833333333333,0,3A6STZAR
2576.05,2113.2,1,119.08333333333333,0,3A6STZAR
1103.58,735.4999999999999,1,68.83333333333333,0,3A6STZAR
553.1800000000001,422.5000000000001,1,352.6666666666667,0,3A6STZAR
2384.9100000000008,1945.0000000000002,1,290.3,0,3A6STZAR
2271.33,1718.0,1,497.05,0,3A6STZAR
3870.11,2999.9999999999986,1,433.96666666666664,0,3A6STZAR
2915.209999999999,2352.599999999999,1,219.4,0,3A6STZAR
1870.93,1346.3,1,264.78333333333336,0,3A6STZAR
1931.9699999999998,1597.7999999999997,1,240.08333333333334,0,3A6STZAR
2044.0399999999997,1472.3000000000002,1,370.0833333333333,0,3A6STZAR
3098.94,2239.8999999999996,1,331.5833333333333,0,3A6STZAR
2479.6400000000003,2032.8000000000004,1,108.73333333333333,0,3A6STZAR
935.66,662.4000000000001,1,482.3333333333333,0,3A6STZAR
3758.9599999999996,3081.8000000000015,1,395.06666666666666,0,3A6STZAR
3176.2699999999995,2388.6999999999994,1,558.8333333333334,0,3A6STZAR
4090.2899999999995,3278.800000000001,1,573.4333333333333,0,3A6STZAR
4198.030000000002,3427.799999999999,1,230.53333333333333,0,3A6STZAR
1856.4100000000003,1371.0000000000002,1,361.3333333333333,0,3A6STZAR
2837.7799999999993,2287.9,1,451.05,0,3A6STZAR
3486.2700000000004,2775.7000000000003,1,391.0833333333333,0,3A6STZAR
2694.44,2428.9,1,344.18333333333334,0,3A6STZAR
2694.6800000000007,2127.2000000000003,1,195.48333333333332,0,3A6STZAR
1567.3400000000001,1157.6000000000004,1,378.6666666666667,0,3A6STZAR
2857.6999999999994,2295.5999999999995,1,437.03333333333336,0,3A6STZAR
3146.5700000000006,2693.3999999999987,1,394.56666666666666,0,3A6STZAR
2851.779999999999,2432.2000000000003,1,458.9,0,3A6STZAR
3300.4500000000003,2740.899999999999,1,291.03333333333336,0,3A6STZAR
2342.93,1700.5000000000007,1,332.55,0,3A6STZAR
2553.9100000000003,2060.8999999999996,1,319.53333333333336,0,3A6STZAR
2572.4500000000003,1903.6999999999996,1,336.53333333333336,0,3A6STZAR
2639.8700000000003,2076.1000000000013,1,678.4166666666666,0,3A6STZAR
5485.520000000001,4141.999999999996,1,509.6333333333333,0,3A6STZAR
4127.829999999999,3125.000000000001,1,295.6,0,3A6STZAR
2606.9100000000008,1774.4000000000008,1,197.81666666666666,0,3A6STZAR
1646.71,1175.3,1,533.5833333333334,0,3A6STZAR
4363.9,3344.1000000000017,1,355.81666666666666,0,3A6STZAR
2735.18,2187.1000000000004,1,369.8833333333333,0,3A6STZAR
2755.6299999999983,2174.7000000000007,1,451.1333333333333,0,3A6STZAR
3415.5600000000004,2724.0,1,297.43333333333334,0,3A6STZAR
2297.669999999999,1780.3999999999992,1,500.43333333333334,0,3A6STZAR
4180.220000000001,2982.800000000004,1,223.0,0,3A6STZAR
1649.9400000000003,1343.8,1,680.3166666666667,0,3A6STZAR
5336.920000000003,4048.5,1,273.1166666666667,0,3A6STZAR
2189.940000000001,1610.1000000000001,1,573.7166666666667,0,3A6STZAR
4824.6500000000015,3456.8999999999996,1,503.8333333333333,0,3A6STZAR
3730.25,3047.7999999999997,1,342.28333333333336,0,3A6STZAR
2813.5099999999998,2111.6999999999985,1,541.2833333333333,0,3A6STZAR
4248.649999999999,3262.5000000000005,1,505.8333333333333,0,3A6STZAR
930.6000000000003,854.2999999999998,1,126.11666666666666,0,HLU6OU9B
2117.83,1635.7999999999997,1,273.56666666666666,0,HLU6OU9B
2871.549999999999,2156.700000000001,1,353.21666666666664,0,HLU6OU9B
2597.2499999999995,1839.1999999999996,1,299.53333333333336,0,HLU6OU9B
3084.010000000001,2435.5999999999985,1,403.56666666666666,0,HLU6OU9B
1722.6699999999996,1411.5999999999997,1,234.1,0,HLU6OU9B
802.3799999999999,622.6999999999999,1,99.35,0,HLU6OU9B
2362.49,1953.8000000000004,1,320.96666666666664,0,HLU6OU9B
2096.499999999999,1667.4999999999995,1,272.1,0,HLU6OU9B
2011.07,1600.9999999999995,1,267.8833333333333,0,HLU6OU9B
1311.07,976.6999999999999,1,163.88333333333333,0,HLU6OU9B
1910.3099999999997,1223.0000000000002,1,209.66666666666666,0,HLU6OU9B
2045.34,1604.7000000000003,1,268.5,0,HLU6OU9B
549.9899999999999,430.3,1,67.76666666666667,0,HLU6OU9B
1818.36,1544.4000000000005,1,240.28333333333333,0,HLU6OU9B
2061.33,1426.299999999999,1,252.76666666666668,0,HLU6OU9B
1902.44,1576.8999999999999,1,247.3,0,HLU6OU9B
2088.75,1600.5000000000007,1,258.81666666666666,0,HLU6OU9B
2433.219999999999,1988.3999999999994,1,331.03333333333336,0,HLU6OU9B
3243.390000000003,2628.7000000000016,1,427.3666666666667,0,HLU6OU9B
2299.0799999999995,2041.8,1,331.05,0,HLU6OU9B
1849.4100000000008,1402.9,1,271.68333333333334,0,HLU6OU9B
3015.3799999999997,2293.2,1,365.4,0,HLU6OU9B
1464.7999999999995,1148.9999999999998,0,214.83333333333334,0,HLU6OU9B
512.4899999999999,444.1,0,75.2,0,HLU6OU9B
1609.2999999999995,1265.6000000000001,0,205.88333333333333,0,HLU6OU9B
226.24,187.0,0,32.6,0,HLU6OU9B
368.5400000000001,291.79999999999995,0,54.36666666666667,0,HLU6OU9B
1607.9199999999994,1152.6,1,5.75,0,HLU6OU9B
2662.6300000000006,2150.5,1,193.45,0,HLU6OU9B
2779.0699999999997,2512.4999999999986,1,347.1333333333333,0,HLU6OU9B
3156.5499999999993,2537.1999999999994,1,400.2,0,HLU6OU9B
1399.2600000000002,1034.6999999999998,1,434.2,0,HLU6OU9B
1813.67,1353.0000000000002,0,178.31666666666666,0,HLU6OU9B
1527.3,1132.4999999999995,0,230.26666666666668,0,HLU6OU9B
240.25,208.1,0,193.75,0,HLU6OU9B
104.5,85.60000000000001,0,29.2,0,HLU6OU9B
921.8100000000002,721.6999999999999,0,14.416666666666666,0,HLU6OU9B
756.0099999999999,532.5000000000001,1,117.38333333333334,0,HLU6OU9B
1658.1000000000001,1158.1999999999998,1,95.0,0,HLU6OU9B
2169.359999999999,1746.2999999999995,1,195.73333333333332,0,HLU6OU9B
2129.4,1559.4,1,283.26666666666665,0,HLU6OU9B
979.9200000000001,709.5,1,260.28333333333336,0,HLU6OU9B
2387.0000000000005,2035.5999999999995,1,119.01666666666667,0,HLU6OU9B
1156.5300000000002,818.3000000000001,1,336.45,0,HLU6OU9B
2367.22,1844.8,1,129.91666666666666,0,HLU6OU9B
2015.94,1543.6000000000001,1,300.81666666666666,0,HLU6OU9B
237.56,193.5,1,267.48333333333335,0,HLU6OU9B
1410.7000000000003,964.0,1,28.333333333333332,0,HLU6OU9B
1471.6299999999994,1139.8999999999999,1,158.05,0,HLU6OU9B
2738.0199999999986,2166.7000000000003,1,213.01666666666668,0,HLU6OU9B
1981.7499999999998,1495.7999999999993,1,353.4,0,HLU6OU9B
2958.590000000001,2579.0999999999995,1,256.56666666666666,0,HLU6OU9B
3569.79,2820.6000000000017,1,429.31666666666666,0,HLU6OU9B
1503.1900000000003,1169.7999999999997,1,501.06666666666666,0,HLU6OU9B
1402.9399999999998,973.3999999999999,1,183.9,0,HLU6OU9B
3134.929999999999,2390.8,1,171.35,0,HLU6OU9B
1292.0499999999997,987.8000000000001,1,422.6333333333333,0,HLU6OU9B
1820.9899999999993,1372.6000000000001,1,162.93333333333334,0,HLU6OU9B
3492.6900000000005,2623.2000000000003,1,244.93333333333334,0,HLU6OU9B
2423.3700000000003,1777.1000000000006,1,423.8333333333333,0,HLU6OU9B
2153.379999999999,1783.499999999999,1,303.55,0,HLU6OU9B
1270.5300000000002,1066.1999999999998,1,349.9166666666667,0,HLU6OU9B
2670.33,2168.9000000000005,1,170.48333333333332,0,HLU6OU9B
2639.290000000002,1841.1000000000001,1,359.1,0,HLU6OU9B
3164.29,2507.8999999999996,1,306.95,0,HLU6OU9B
1307.3100000000002,967.6999999999999,1,416.65,0,HLU6OU9B
2204.470000000001,1618.0999999999995,1,158.8,0,HLU6OU9B
1648.3599999999997,1330.4999999999998,1,264.9,0,HLU6OU9B
2340.599999999999,1741.8000000000002,1,216.83333333333334,0,HLU6OU9B
1563.0899999999995,1226.7999999999997,1,279.6666666666667,0,HLU6OU9B
1519.4799999999998,1221.9999999999998,1,205.9,0,HLU6OU9B
2415.400000000001,1771.6999999999998,1,204.55,0,HLU6OU9B
1934.85,1386.2000000000007,1,284.23333333333335,0,HLU6OU9B
2028.2200000000003,1625.5,1,243.63333333333333,0,HLU6OU9B
1954.0799999999997,1542.7,1,267.65,0,HLU6OU9B
2474.7000000000003,1977.2999999999997,1,247.13333333333333,0,HLU6OU9B
1736.4,1407.7000000000007,1,336.53333333333336,0,HLU6OU9B
1427.9500000000005,1141.5000000000002,1,231.01666666666668,0,HLU6OU9B
1506.0100000000002,1233.2999999999997,1,184.68333333333334,0,HLU6OU9B
3092.48,2220.0,1,211.43333333333334,0,HLU6OU9B
2102.1600000000008,1716.9000000000003,1,371.71666666666664,0,HLU6OU9B
2760.5599999999995,2229.300000000001,1,278.03333333333336,0,HLU6OU9B
1116.2899999999997,975.0999999999999,1,412.1333333333333,0,HLU6OU9B
3693.87,2541.100000000001,1,159.51666666666668,0,HLU6OU9B
1594.0800000000002,1302.7,1,417.3666666666667,0,HLU6OU9B
2121.459999999999,1674.2000000000003,1,212.63333333333333,0,HLU6OU9B
1243.9899999999998,1083.7999999999997,1,287.15,0,HLU6OU9B
1097.6600000000003,1069.4000000000003,1,176.46666666666667,0,HLU6OU9B
2596.8000000000006,1943.5000000000002,1,174.03333333333333,0,HLU6OU9B
2279.7699999999986,1546.6000000000001,1,318.31666666666666,0,HLU6OU9B
2101.039999999999,1566.9000000000005,1,269.73333333333335,0,HLU6OU9B
1850.7600000000007,1318.3999999999996,1,256.6,0,HLU6OU9B
736.7799999999999,697.4000000000001,1,232.63333333333333,0,HLU6OU9B
3663.2200000000003,2734.499999999999,1,115.91666666666667,0,HLU6OU9B
3471.8699999999985,2689.9,1,445.4,0,HLU6OU9B
1867.5700000000008,1342.1000000000001,1,432.05,0,HLU6OU9B
1760.8399999999995,1474.4000000000003,1,232.41666666666666,0,HLU6OU9B
2525.3399999999997,2182.7000000000003,1,236.45,0,HLU6OU9B
2639.6800000000003,2135.6000000000004,1,346.65,0,HLU6OU9B
2318.4799999999987,1779.1000000000006,1,349.26666666666665,0,HLU6OU9B
1888.77,1413.7999999999995,1,305.2,0,HLU6OU9B
1840.6100000000004,1351.6,1,253.98333333333332,0,HLU6OU9B
1831.6999999999998,1459.2,1,242.78333333333333,0,HLU6OU9B
1444.5500000000002,1186.7000000000003,1,234.06666666666666,0,HLU6OU9B
2038.6000000000001,1645.2,1,193.16666666666666,0,HLU6OU9B
1810.1799999999998,1462.5000000000002,1,268.71666666666664,0,HLU6OU9B
2064.0899999999997,1815.6,1,233.05,0,HLU6OU9B
2013.979999999999,1701.1999999999998,1,289.21666666666664,0,HLU6OU9B
3859.540000000002,2972.0999999999995,1,283.3333333333333,0,HLU6OU9B
1596.98,1302.1999999999996,1,498.51666666666665,0,HLU6OU9B
2322.5300000000007,1984.2000000000003,1,204.43333333333334,0,HLU6OU9B
3262.5999999999995,2431.5,1,317.45,0,HLU6OU9B
2487.8299999999995,1922.3999999999983,1,401.3666666666667,0,HLU6OU9B
1345.15,976.7000000000003,1,309.06666666666666,0,HLU6OU9B
1911.8900000000008,1441.0000000000005,1,228.9,0,HLU6OU9B
2070.7099999999996,1589.1,1,245.1,0,HLU6OU9B
531.76,467.5,1,270.56666666666666,0,HLU6OU9B
1510.22,1205.2999999999995,1,76.48333333333333,0,HLU6OU9B
2073.0699999999997,1585.1000000000004,1,197.38333333333333,0,HLU6OU9B
3477.1499999999996,2753.8999999999987,1,253.48333333333332,0,HLU6OU9B
2480.0299999999993,1830.3000000000006,1,452.8833333333333,0,HLU6OU9B
2843.5499999999993,2195.1999999999994,1,315.95,0,HLU6OU9B
2183.0,1825.399999999999,1,357.3666666666667,0,HLU6OU9B
1806.0600000000002,1404.9999999999995,1,301.15,0,HLU6OU9B
2469.77,1889.3,1,239.96666666666667,0,HLU6OU9B
1953.4899999999996,1345.3000000000004,1,314.05,0,HLU6OU9B
3356.8900000000012,2678.9999999999995,1,223.11666666666667,0,HLU6OU9B
2956.9700000000003,2372.2000000000003,1,485.05,0,HLU6OU9B
2716.269999999998,1923.3999999999999,1,383.9,0,HLU6OU9B
2251.23,1517.7,1,318.18333333333334,0,HLU6OU9B
1397.3499999999997,1156.0999999999992,1,255.58333333333334,0,HLU6OU9B
1963.709999999999,1359.0999999999997,1,228.56666666666666,0,HLU6OU9B
2151.05,1639.5999999999997,1,221.06666666666666,0,HLU6OU9B
2613.769999999999,2026.8000000000004,1,270.65,0,HLU6OU9B
2491.919999999999,1895.1999999999998,1,340.3833333333333,0,HLU6OU9B
3245.8599999999988,2390.0999999999985,1,311.1666666666667,0,HLU6OU9B
2113.5099999999993,1776.8,1,409.51666666666665,0,HLU6OU9B
1783.5799999999992,1345.7999999999995,1,283.43333333333334,0,HLU6OU9B
4000.7000000000003,3003.3000000000015,1,221.43333333333334,0,HLU6OU9B
2820.4100000000003,1954.0999999999997,1,498.31666666666666,0,HLU6OU9B
1204.32,869.6,1,328.65,0,HLU6OU9B
2286.7,1775.3,1,143.73333333333332,0,HLU6OU9B
3500.5399999999995,2721.6000000000013,1,294.56666666666666,0,HLU6OU9B
2631.5200000000004,1903.5000000000005,1,478.0833333333333,0,HLU6OU9B
2636.840000000001,1795.0000000000005,1,324.9,0,HLU6OU9B
1325.2199999999998,1051.8999999999999,1,306.26666666666665,0,HLU6OU9B
1426.3099999999997,1021.8000000000004,1,167.46666666666667,0,HLU6OU9B
3286.59,2422.3000000000025,1,170.78333333333333,0,HLU6OU9B
2250.59,1815.3000000000002,1,389.9,0,HLU6OU9B
4191.689999999998,3315.900000000001,1,295.03333333333336,0,HLU6OU9B
2544.35,1983.3000000000004,1,533.2666666666667,0,HLU6OU9B
1869.3399999999997,1411.4,1,323.93333333333334,0,HLU6OU9B
1820.1400000000003,1557.6999999999996,1,239.71666666666667,0,HLU6OU9B
1935.9899999999993,1511.000000000001,1,248.33333333333334,0,HLU6OU9B
2360.9400000000005,1904.1000000000006,1,242.31666666666666,0,HLU6OU9B
2526.460000000001,1907.6000000000006,1,308.5833333333333,0,HLU6OU9B
904.0700000000002,700.4000000000003,1,335.51666666666665,0,HLU6OU9B
2649.3899999999994,2103.1,1,121.4,0,HLU6OU9B
2056.34,1383.8000000000004,1,335.9166666666667,0,HLU6OU9B
1387.4699999999998,1148.3,1,247.43333333333334,0,HLU6OU9B
2684.4299999999976,2111.1,1,191.28333333333333,0,HLU6OU9B
1534.4699999999996,1286.0000000000002,1,358.35,0,HLU6OU9B
1382.7200000000007,1215.1000000000001,1,200.25,0,HLU6OU9B
1626.6600000000003,1370.3999999999994,1,203.03333333333333,0,HLU6OU9B
5210.0899999999965,4168.299999999998,1,230.41666666666666,0,HLU6OU9B
1514.8899999999992,1233.8999999999999,1,693.3166666666667,0,HLU6OU9B
2069.720000000001,1580.2,1,220.65,0,HLU6OU9B
1932.8099999999997,1528.4999999999998,1,262.8666666666667,0,HLU6OU9B
4628.160000000003,3589.9,1,251.7,0,HLU6OU9B
4281.010000000002,3212.700000000001,1,584.3666666666667,0,HLU6OU9B
3958.87,3121.3999999999983,1,531.2333333333333,0,HLU6OU9B
2822.4499999999985,2384.0000000000005,1,512.1666666666666,0,HLU6OU9B
2891.230000000002,2458.5000000000005,1,375.15,0,HLU6OU9B
1866.2599999999995,1530.1999999999998,1,401.8833333333333,0,HLU6OU9B
3419.2100000000005,2535.499999999999,1,246.6,0,HLU6OU9B
2797.230000000001,1907.1000000000004,1,415.45,0,HLU6OU9B
3660.3700000000003,2624.2000000000007,1,355.35,0,HLU6OU9B
4181.319999999999,3252.599999999998,1,448.2,0,HLU6OU9B
1656.9400000000003,1270.8000000000006,1,529.8166666666667,0,HLU6OU9B
3060.3199999999993,2330.299999999998,1,205.41666666666666,0,HLU6OU9B
3679.0299999999997,3060.5,1,368.56666666666666,0,HLU6OU9B
4618.699999999999,3588.299999999999,1,506.4,0,HLU6OU9B
2581.3,1955.0000000000007,1,593.55,0,HLU6OU9B
2287.8700000000013,1875.6999999999991,1,324.95,0,HLU6OU9B
1957.5300000000002,1437.6,1,313.56666666666666,0,HLU6OU9B
2306.66,1730.0000000000002,1,247.18333333333334,0,HLU6OU9B
3213.6000000000004,2567.000000000001,1,276.76666666666665,0,HLU6OU9B
1629.0300000000002,1257.6,1,414.43333333333334,0,HLU6OU9B
2752.920000000001,2159.7999999999993,1,215.95,0,HLU6OU9B
3133.74,2643.5000000000005,1,343.15,0,HLU6OU9B
1291.42,1062.8,1,431.85,0,HLU6OU9B
3868.9499999999985,2943.7,1,188.4,0,HLU6OU9B
2675.5699999999997,1883.6000000000008,1,495.06666666666666,0,HLU6OU9B
886.52,619.5999999999999,1,323.1166666666667,0,HLU6OU9B
5145.839999999998,4008.8999999999987,1,135.7,0,HLU6OU9B
4095.589999999999,3435.400000000002,1,661.0666666666667,0,HLU6OU9B
1569.9300000000003,1390.8000000000002,1,224.41666666666666,0,LYRHF3HX
1520.1499999999999,1009.7,1,175.28333333333333,0,LYRHF3HX
1209.77,816.2000000000003,1,160.56666666666666,0,LYRHF3HX
3170.33,2267.1999999999994,1,389.3,0,LYRHF3HX
1012.4899999999998,720.1999999999999,1,186.81666666666666,0,LYRHF3HX
2217.9700000000003,1785.4,1,289.55,0,LYRHF3HX
2215.210000000001,1836.0,1,300.75,0,LYRHF3HX
3515.289999999999,2582.1000000000004,1,434.51666666666665,0,LYRHF3HX
2054.3100000000004,1456.4,1,256.6166666666667,0,LYRHF3HX
2629.6600000000017,2025.9000000000003,1,337.56666666666666,0,LYRHF3HX
3353.11,2509.6000000000013,1,410.76666666666665,0,LYRHF3HX
4140.029999999999,3369.4999999999986,1,553.2,0,LYRHF3HX
1593.3100000000004,1305.4999999999998,1,207.86666666666667,0,LYRHF3HX
2046.3899999999999,1524.6999999999998,1,248.55,0,LYRHF3HX
2926.770000000001,2387.2999999999993,1,401.46666666666664,0,LYRHF3HX
2873.7500000000005,2200.9000000000005,1,362.1166666666667,0,LYRHF3HX
1778.8099999999997,1567.7999999999995,1,263.9,0,LYRHF3HX
1843.7699999999998,1565.0999999999997,1,252.56666666666666,0,LYRHF3HX
2199.869999999999,1884.0000000000011,1,322.4166666666667,0,LYRHF3HX
3156.9299999999985,2599.7999999999997,0,422.53333333333336,0,LYRHF3HX
1186.4300000000003,746.8000000000001,0,129.96666666666667,0,LYRHF3HX
541.96,412.1,0,63.18333333333333,0,LYRHF3HX
867.41,827.5999999999999,0,125.83333333333333,0,LYRHF3HX
217.24,116.9,0,19.4,0,LYRHF3HX
929.9999999999998,715.3,1,119.66666666666667,0,LYRHF3HX
3197.7500000000005,2360.9,1,388.98333333333335,0,LYRHF3HX
907.0799999999999,816.3000000000002,1,201.36666666666667,0,LYRHF3HX
993.0799999999999,736.3000000000001,1,120.26666666666667,0,LYRHF3HX
2124.7099999999996,1780.9999999999998,1,294.93333333333334,0,LYRHF3HX
3178.419999999999,2347.0000000000005,1,381.95,0,LYRHF3HX
1620.6200000000001,1189.3000000000002,0,246.2,0,LYRHF3HX
2070.24,1604.0000000000005,0,260.71666666666664,0,LYRHF3HX
1166.2900000000004,817.5999999999999,0,140.1,0,LYRHF3HX
612.6400000000001,508.19999999999993,0,79.1,0,LYRHF3HX
796.47,650.0000000000001,0,104.6,0,LYRHF3HX
130.14,75.2,1,14.25,0,LYRHF3HX
4072.12,3116.1999999999975,1,535.6,0,LYRHF3HX
503.30999999999995,320.0,1,58.1,0,LYRHF3HX
2141.98,1595.299999999999,1,280.6,0,LYRHF3HX
2071.290000000001,1686.3,1,274.0,0,LYRHF3HX
2341.9299999999994,1680.799999999999,1,274.6166666666667,0,LYRHF3HX
1411.7599999999998,1123.6999999999998,1,185.2,0,LYRHF3HX
2201.8200000000006,1701.8999999999996,1,332.25,0,LYRHF3HX
2987.930000000001,2302.0999999999995,1,372.23333333333335,0,LYRHF3HX
3030.9100000000008,2200.2999999999997,1,386.15,0,LYRHF3HX
2459.8899999999994,1784.5000000000005,1,292.81666666666666,0,LYRHF3HX
2945.02,2360.1,1,377.55,0,LYRHF3HX
3148.9699999999993,2585.6000000000013,1,425.51666666666665,0,LYRHF3HX
1246.2100000000003,939.9000000000001,1,218.65,0,LYRHF3HX
1405.0300000000002,1137.4,1,193.68333333333334,0,LYRHF3HX
3083.160000000001,2313.9000000000005,1,382.55,0,LYRHF3HX
2152.8100000000004,1656.0999999999992,1,290.53333333333336,0,LYRHF3HX
2630.929999999999,1858.1000000000008,1,307.05,0,LYRHF3HX
2207.1699999999987,1804.4,1,305.26666666666665,0,LYRHF3HX
2608.319999999999,2096.3999999999996,1,346.6666666666667,0,LYRHF3HX
2339.8700000000003,1874.9999999999998,1,354.48333333333335,0,LYRHF3HX
3752.799999999998,3250.3999999999965,1,514.5166666666667,0,LYRHF3HX
3436.6099999999988,2662.5000000000014,1,433.48333333333335,0,LYRHF3HX
3886.61,3211.0000000000014,1,527.05,0,LYRHF3HX
3707.7000000000035,2814.2000000000003,1,464.98333333333335,0,LYRHF3HX
2567.759999999999,1978.2999999999993,1,310.26666666666665,0,LYRHF3HX
4345.719999999999,3381.5,1,566.3166666666667,0,LYRHF3HX
2826.3199999999997,2268.2,1,374.1,0,LYRHF3HX
2688.12,1995.7999999999997,1,330.1,0,LYRHF3HX
3303.5300000000025,2516.2000000000007,1,420.2,0,LYRHF3HX
1051.36,855.4000000000002,1,134.48333333333332,0,LYRHF3HX
1948.6100000000008,1611.1,1,273.65,0,LYRHF3HX
4747.7699999999995,3584.7000000000003,1,607.7666666666667,0,LYRHF3HX
3794.98,2761.1999999999994,1,456.78333333333336,0,LYRHF3HX
3599.7299999999987,2981.5000000000005,1,490.6333333333333,0,LYRHF3HX
4600.379999999999,3561.4000000000024,1,630.3166666666667,0,LYRHF3HX
2059.1899999999996,1786.9000000000005,1,287.6666666666667,0,LYRHF3HX
3060.27,2260.0000000000005,1,382.7,0,LYRHF3HX
3120.210000000001,2516.9000000000005,1,450.1,0,LYRHF3HX
4091.9499999999966,3104.5000000000014,1,508.1,0,LYRHF3HX
1775.71,1588.3999999999992,1,248.2,0,LYRHF3HX
2748.4299999999994,2073.5999999999995,1,340.06666666666666,0,LYRHF3HX
1218.2299999999998,968.3999999999997,1,152.16666666666666,0,LYRHF3HX
3331.940000000001,2685.6000000000017,1,453.4166666666667,0,LYRHF3HX
3973.6800000000003,2943.2999999999993,1,488.26666666666665,0,LYRHF3HX
2657.3900000000017,1960.1000000000008,1,335.65,0,LYRHF3HX
2667.9600000000023,2075.2,1,330.3666666666667,0,LYRHF3HX
4443.550000000003,3442.300000000001,1,579.8833333333333,0,LYRHF3HX
4380.4000000000015,3333.9000000000015,1,547.1166666666667,0,LYRHF3HX
7788.679999999999,6257.499999999998,1,1091.8,0,LYRHF3HX
