Machine_ID,Part_ID,Start_Time,End_Time,Failure_Mode
AWOU5IMX,N83TIS04,4/6/2020 20:07,4/6/2020 22:29,0
AWOU5IMX,N83TIS04,7/4/2020 14:18,7/4/2020 17:38,0
AWOU5IMX,GLZCAPCW,3/10/2020 1:41,3/10/2020 4:08,0
AWOU5IMX,GLZCAPCW,6/2/2020 5:57,6/2/2020 8:24,0
AWOU5IMX,S4YFAPIZ,3/19/2020 18:28,3/19/2020 22:09,0
AWOU5IMX,S4YFAPIZ,6/11/2020 14:06,6/11/2020 17:49,0
AWOU5IMX,XRIGE3H4,3/16/2020 19:08,3/16/2020 22:23,0
AWOU5IMX,XRIGE3H4,6/20/2020 18:02,6/20/2020 21:57,0
AWOU5IMX,AQLM530W,3/14/2020 13:42,3/14/2020 16:51,0
AWOU5IMX,AQLM530W,6/15/2020 22:45,6/16/2020 0:58,0
6VABNMFW,3VT2U8Z9,11/12/2021 14:35,11/12/2021 17:38,0
6VABNMFW,3VT2U8Z9,4/2/2022 16:11,4/2/2022 19:12,0
6VABNMFW,0DO57IW7,11/16/2021 13:27,11/16/2021 17:07,0
6VABNMFW,0DO57IW7,2/18/2022 6:31,2/18/2022 9:31,0
6VABNMFW,HGU0A56N,11/17/2021 12:25,11/17/2021 16:07,0
6VABNMFW,HGU0A56N,2/10/2022 20:50,2/11/2022 0:03,0
6VABNMFW,AKT0HJFN,11/18/2021 23:40,11/19/2021 2:11,0
6VABNMFW,AKT0HJFN,2/14/2022 20:12,2/14/2022 23:18,0
6VABNMFW,E9JZDVOS,11/25/2021 6:37,11/25/2021 9:14,0
6VABNMFW,E9JZDVOS,2/19/2022 23:28,2/20/2022 2:37,0
7PML7DX0,25KMBAHV,10/29/2021 18:48,10/29/2021 21:04,0
7PML7DX0,25KMBAHV,4/3/2022 14:55,4/3/2022 18:37,0
7PML7DX0,4F40TSTL,10/24/2021 10:53,10/24/2021 13:58,0
7PML7DX0,4F40TSTL,1/18/2022 19:00,1/18/2022 21:30,0
7PML7DX0,WR0ALUUZ,11/2/2021 17:46,11/2/2021 20:22,0
7PML7DX0,WR0ALUUZ,1/26/2022 0:01,1/26/2022 3:49,0
7PML7DX0,SBA4VF82,10/28/2021 5:19,10/28/2021 8:07,0
7PML7DX0,SBA4VF82,1/20/2022 1:23,1/20/2022 3:47,0
7PML7DX0,S0S9LD07,10/22/2021 7:17,10/22/2021 10:05,0
7PML7DX0,S0S9LD07,1/27/2022 23:55,1/28/2022 1:57,0
WVSI44XE,KKQCN5Y1,5/26/2018 23:19,5/27/2018 1:46,0
WVSI44XE,KKQCN5Y1,8/17/2018 11:38,8/17/2018 15:14,0
WVSI44XE,TWMVHIBS,6/2/2018 14:18,6/2/2018 17:53,0
WVSI44XE,TWMVHIBS,8/30/2018 4:42,8/30/2018 7:45,0
WVSI44XE,UI2CTBK7,5/22/2018 18:11,5/22/2018 21:12,0
WVSI44XE,UI2CTBK7,8/25/2018 18:49,8/25/2018 21:40,0
WVSI44XE,WMG53DFJ,5/28/2018 15:11,5/28/2018 18:23,0
WVSI44XE,WMG53DFJ,8/31/2018 6:41,8/31/2018 9:32,0
WVSI44XE,3Y7HF4F0,5/21/2018 9:10,5/21/2018 11:37,0
WVSI44XE,3Y7HF4F0,8/13/2018 20:28,8/13/2018 23:54,0
12ZHA8WI,2PTSIGVD,3/26/2020 23:16,3/27/2020 1:37,0
12ZHA8WI,2PTSIGVD,6/18/2020 17:24,6/18/2020 20:43,0
12ZHA8WI,8CA0NVG7,3/1/2020 0:48,3/1/2020 3:51,0
12ZHA8WI,8CA0NVG7,6/3/2020 22:51,6/4/2020 2:14,0
12ZHA8WI,DDJB6716,2/29/2020 7:48,2/29/2020 10:17,0
12ZHA8WI,DDJB6716,6/4/2020 14:10,6/4/2020 18:06,0
12ZHA8WI,EGHFWQVJ,3/9/2020 18:09,3/9/2020 21:31,0
12ZHA8WI,EGHFWQVJ,6/6/2020 1:31,6/6/2020 5:07,0
12ZHA8WI,RHZYOIOQ,3/11/2020 2:21,3/11/2020 4:53,0
12ZHA8WI,RHZYOIOQ,6/13/2020 5:39,6/13/2020 8:42,0
H4R6Y02Y,FR3P7Y1D,7/12/2021 18:17,7/12/2021 21:09,0
H4R6Y02Y,FR3P7Y1D,10/4/2021 14:02,10/4/2021 17:48,0
H4R6Y02Y,5UN5C1BB,7/16/2021 17:41,7/16/2021 19:44,0
H4R6Y02Y,5UN5C1BB,10/9/2021 17:51,10/9/2021 20:40,0
H4R6Y02Y,062XH3DL,7/11/2021 2:23,7/11/2021 5:21,0
H4R6Y02Y,062XH3DL,10/7/2021 22:50,10/8/2021 2:05,0
H4R6Y02Y,G90BMFAE,7/14/2021 22:01,7/15/2021 0:21,0
H4R6Y02Y,G90BMFAE,10/17/2021 0:14,10/17/2021 3:48,0
H4R6Y02Y,6RF7PRF3,7/17/2021 9:36,7/17/2021 12:59,0
H4R6Y02Y,6RF7PRF3,10/15/2021 7:34,10/15/2021 9:37,0
3A6STZAR,YPKJPJ64,4/24/2017 12:49,4/24/2017 15:31,0
3A6STZAR,YPKJPJ64,7/26/2017 4:18,7/26/2017 6:18,0
3A6STZAR,VRJTYHP3,4/27/2017 4:43,4/27/2017 7:11,0
3A6STZAR,VRJTYHP3,7/21/2017 19:15,7/21/2017 21:31,0
3A6STZAR,HV13ERTQ,4/22/2017 13:44,4/22/2017 17:00,0
3A6STZAR,HV13ERTQ,7/27/2017 7:22,7/27/2017 9:32,0
3A6STZAR,EO9L7E83,4/28/2017 19:55,4/28/2017 22:45,0
3A6STZAR,EO9L7E83,7/23/2017 22:48,7/24/2017 2:22,0
3A6STZAR,9H9P0PR3,5/1/2017 12:39,5/1/2017 16:28,0
3A6STZAR,9H9P0PR3,7/24/2017 1:21,7/24/2017 4:37,0
TS5TPP35,R6SZD3QY,9/18/2020 4:27,9/18/2020 7:05,0
TS5TPP35,R6SZD3QY,12/13/2020 0:27,12/13/2020 3:38,0
TS5TPP35,82KVLAFW,9/19/2020 14:12,9/19/2020 16:29,0
TS5TPP35,82KVLAFW,12/18/2020 20:19,12/18/2020 23:52,0
TS5TPP35,L9AP1ONT,9/23/2020 8:54,9/23/2020 11:09,0
TS5TPP35,L9AP1ONT,12/25/2020 18:52,12/25/2020 22:28,0
TS5TPP35,RGOKKJ6S,9/24/2020 15:44,9/24/2020 17:50,0
TS5TPP35,RGOKKJ6S,12/22/2020 17:27,12/22/2020 21:20,0
TS5TPP35,7Z5ROGB9,9/27/2020 3:55,9/27/2020 7:18,0
TS5TPP35,7Z5ROGB9,12/21/2020 6:53,12/21/2020 9:25,0
HLU6OU9B,F3SFFHKF,5/13/2018 6:45,5/13/2018 9:36,0
HLU6OU9B,F3SFFHKF,8/8/2018 18:30,8/8/2018 20:50,0
HLU6OU9B,1TQOCBPQ,5/16/2018 21:34,5/17/2018 0:34,0
HLU6OU9B,1TQOCBPQ,8/14/2018 4:40,8/14/2018 8:38,0
HLU6OU9B,0VI3M40O,5/17/2018 4:00,5/17/2018 6:19,0
HLU6OU9B,0VI3M40O,8/18/2018 3:52,8/18/2018 7:38,0
HLU6OU9B,CXPW7U41,5/14/2018 14:57,5/14/2018 18:12,0
HLU6OU9B,CXPW7U41,8/7/2018 12:44,8/7/2018 15:38,0
HLU6OU9B,6WGRALBJ,5/4/2018 16:03,5/4/2018 19:43,0
HLU6OU9B,6WGRALBJ,8/9/2018 8:55,8/9/2018 11:15,0
OKU9UWCY,80X48YE4,7/10/2022 0:12,7/10/2022 3:21,0
OKU9UWCY,80X48YE4,10/1/2022 19:10,10/1/2022 21:30,0
OKU9UWCY,BND1SM0R,7/8/2022 19:05,7/8/2022 21:52,0
OKU9UWCY,BND1SM0R,9/30/2022 9:15,9/30/2022 11:58,0
OKU9UWCY,RVHGQS0A,7/12/2022 3:09,7/12/2022 6:05,0
OKU9UWCY,RVHGQS0A,10/16/2022 1:41,10/16/2022 4:21,0
OKU9UWCY,JLJD917Y,7/6/2022 3:53,7/6/2022 7:52,0
OKU9UWCY,JLJD917Y,10/7/2022 13:58,10/7/2022 16:20,0
OKU9UWCY,ICV9TAHZ,7/17/2022 22:48,7/18/2022 1:27,0
OKU9UWCY,ICV9TAHZ,10/14/2022 4:00,10/14/2022 7:20,0
LYRHF3HX,D8A010Q2,8/12/2021 17:38,8/12/2021 20:09,0
LYRHF3HX,D8A010Q2,11/13/2021 7:20,11/13/2021 10:39,0
LYRHF3HX,JYCJ5QGH,8/26/2021 9:55,8/26/2021 12:14,0
LYRHF3HX,JYCJ5QGH,11/26/2021 19:46,11/26/2021 22:27,0
LYRHF3HX,SUUJKE5A,8/21/2021 8:50,8/21/2021 12:34,0
LYRHF3HX,SUUJKE5A,11/22/2021 10:09,11/22/2021 13:51,0
LYRHF3HX,V93HVZ14,8/15/2021 8:20,8/15/2021 11:20,0
LYRHF3HX,V93HVZ14,11/19/2021 3:05,11/19/2021 6:45,0
LYRHF3HX,INS2VBPK,8/20/2021 15:09,8/20/2021 17:10,0
LYRHF3HX,INS2VBPK,11/27/2021 10:23,11/27/2021 12:42,0
JIRK0F5R,HSQSOQGA,3/29/2020 23:08,3/30/2020 2:55,0
JIRK0F5R,HSQSOQGA,6/30/2020 6:31,6/30/2020 9:36,0
JIRK0F5R,TLM67YJN,2/25/2020 18:32,2/25/2020 22:26,0
JIRK0F5R,TLM67YJN,5/20/2020 20:03,5/20/2020 22:17,0
JIRK0F5R,OAY4O9BJ,3/4/2020 20:44,3/5/2020 0:20,0
JIRK0F5R,OAY4O9BJ,5/29/2020 5:41,5/29/2020 8:01,0
JIRK0F5R,067YYJVP,2/27/2020 13:27,2/27/2020 16:29,0
JIRK0F5R,067YYJVP,5/28/2020 4:17,5/28/2020 7:58,0
JIRK0F5R,CMXSUJ5O,2/26/2020 20:59,2/26/2020 23:38,0
JIRK0F5R,CMXSUJ5O,5/27/2020 1:18,5/27/2020 3:34,0
AWOU5IMX,S4YFAPIZ,6/28/2019 2:14,6/28/2019 3:39,1
AWOU5IMX,GLZCAPCW,7/8/2019 12:51,7/8/2019 13:06,2
AWOU5IMX,S4YFAPIZ,7/25/2019 16:39,7/25/2019 17:51,1
AWOU5IMX,AQLM530W,7/31/2019 3:10,7/31/2019 4:17,1
AWOU5IMX,AQLM530W,8/13/2019 21:00,8/14/2019 12:05,4
AWOU5IMX,N83TIS04,8/25/2019 19:11,8/25/2019 19:11,1
AWOU5IMX,S4YFAPIZ,9/9/2019 1:17,9/9/2019 2:25,2
AWOU5IMX,XRIGE3H4,9/17/2019 10:02,9/17/2019 11:10,2
AWOU5IMX,XRIGE3H4,10/7/2019 6:45,10/7/2019 8:02,2
AWOU5IMX,N83TIS04,10/19/2019 16:31,10/19/2019 17:43,1
AWOU5IMX,XRIGE3H4,10/31/2019 20:54,10/31/2019 23:23,2
AWOU5IMX,N83TIS04,11/3/2019 10:52,11/3/2019 11:19,2
AWOU5IMX,AQLM530W,11/26/2019 10:34,11/26/2019 10:52,2
AWOU5IMX,XRIGE3H4,12/6/2019 23:58,12/7/2019 1:18,1
AWOU5IMX,AQLM530W,12/22/2019 5:40,12/22/2019 11:47,4
AWOU5IMX,AQLM530W,1/5/2020 19:46,1/5/2020 22:09,2
AWOU5IMX,AQLM530W,1/17/2020 10:52,1/17/2020 15:08,4
AWOU5IMX,N83TIS04,2/4/2020 15:55,2/4/2020 17:10,2
AWOU5IMX,XRIGE3H4,2/16/2020 8:24,2/16/2020 9:34,1
AWOU5IMX,GLZCAPCW,3/1/2020 12:14,3/1/2020 12:40,1
AWOU5IMX,AQLM530W,3/7/2020 12:35,3/8/2020 16:39,5
AWOU5IMX,GLZCAPCW,3/27/2020 22:13,3/28/2020 0:18,4
AWOU5IMX,XRIGE3H4,4/15/2020 18:20,4/15/2020 18:36,1
AWOU5IMX,XRIGE3H4,4/25/2020 4:54,4/27/2020 14:02,5
AWOU5IMX,N83TIS04,5/11/2020 14:49,5/11/2020 16:57,2
AWOU5IMX,N83TIS04,5/21/2020 15:33,5/21/2020 15:45,1
AWOU5IMX,S4YFAPIZ,5/30/2020 19:34,5/30/2020 19:36,1
AWOU5IMX,N83TIS04,6/29/2020 2:27,6/29/2020 2:39,4
AWOU5IMX,N83TIS04,7/19/2020 14:43,7/19/2020 15:13,1
AWOU5IMX,N83TIS04,7/31/2020 1:48,7/31/2020 3:13,2
AWOU5IMX,GLZCAPCW,8/8/2020 19:51,8/11/2020 14:04,5
AWOU5IMX,AQLM530W,8/24/2020 5:58,8/24/2020 7:04,1
AWOU5IMX,XRIGE3H4,8/28/2020 23:18,8/28/2020 23:45,1
AWOU5IMX,XRIGE3H4,9/17/2020 9:10,9/17/2020 17:37,4
AWOU5IMX,N83TIS04,9/28/2020 22:58,9/29/2020 0:21,1
AWOU5IMX,AQLM530W,10/16/2020 20:17,10/16/2020 21:31,1
AWOU5IMX,N83TIS04,11/1/2020 1:52,11/1/2020 2:21,1
AWOU5IMX,N83TIS04,11/11/2020 15:06,11/11/2020 16:35,2
AWOU5IMX,N83TIS04,11/17/2020 14:59,11/17/2020 16:18,1
AWOU5IMX,N83TIS04,11/30/2020 5:12,11/30/2020 5:38,1
AWOU5IMX,AQLM530W,12/12/2020 18:32,12/12/2020 18:36,2
AWOU5IMX,N83TIS04,12/28/2020 3:14,12/28/2020 3:36,2
AWOU5IMX,N83TIS04,1/15/2021 14:52,1/15/2021 15:53,1
AWOU5IMX,N83TIS04,1/30/2021 6:39,1/30/2021 7:05,1
AWOU5IMX,S4YFAPIZ,2/10/2021 21:39,2/10/2021 23:06,2
AWOU5IMX,AQLM530W,2/15/2021 3:32,2/15/2021 16:56,5
AWOU5IMX,XRIGE3H4,3/13/2021 8:19,3/13/2021 8:26,4
AWOU5IMX,AQLM530W,3/26/2021 7:44,3/26/2021 8:46,1
AWOU5IMX,AQLM530W,4/4/2021 18:01,4/4/2021 19:15,1
AWOU5IMX,AQLM530W,4/19/2021 14:41,4/19/2021 15:04,1
AWOU5IMX,N83TIS04,4/27/2021 22:28,4/28/2021 0:36,2
AWOU5IMX,N83TIS04,5/11/2021 14:25,5/11/2021 14:28,1
AWOU5IMX,GLZCAPCW,5/20/2021 14:01,5/20/2021 14:14,1
AWOU5IMX,XRIGE3H4,6/8/2021 8:24,6/8/2021 9:50,1
AWOU5IMX,XRIGE3H4,6/12/2021 5:12,6/12/2021 6:24,1
AWOU5IMX,AQLM530W,6/20/2021 17:12,6/20/2021 18:30,1
AWOU5IMX,GLZCAPCW,7/8/2021 9:29,7/8/2021 9:59,2
AWOU5IMX,GLZCAPCW,7/14/2021 5:42,7/16/2021 1:06,5
AWOU5IMX,N83TIS04,7/24/2021 10:09,7/24/2021 10:17,1
AWOU5IMX,S4YFAPIZ,8/6/2021 2:58,8/6/2021 4:19,1
AWOU5IMX,XRIGE3H4,8/17/2021 21:15,8/17/2021 22:16,1
AWOU5IMX,GLZCAPCW,9/2/2021 16:18,9/3/2021 0:33,4
AWOU5IMX,XRIGE3H4,9/15/2021 22:04,9/15/2021 23:34,1
AWOU5IMX,N83TIS04,9/26/2021 13:26,9/26/2021 14:44,2
AWOU5IMX,XRIGE3H4,10/9/2021 14:03,10/9/2021 14:16,1
AWOU5IMX,XRIGE3H4,10/23/2021 11:46,10/23/2021 12:52,1
AWOU5IMX,N83TIS04,11/13/2021 19:22,11/13/2021 19:28,2
AWOU5IMX,GLZCAPCW,11/28/2021 9:40,11/28/2021 10:10,1
AWOU5IMX,GLZCAPCW,12/16/2021 5:39,12/18/2021 20:09,5
AWOU5IMX,AQLM530W,1/3/2022 2:00,1/3/2022 3:14,1
AWOU5IMX,N83TIS04,1/12/2022 13:39,1/12/2022 13:51,2
AWOU5IMX,AQLM530W,1/30/2022 1:24,1/30/2022 2:27,2
AWOU5IMX,N83TIS04,2/12/2022 3:13,2/12/2022 20:28,5
AWOU5IMX,GLZCAPCW,2/27/2022 14:53,2/27/2022 15:17,2
AWOU5IMX,GLZCAPCW,3/17/2022 13:35,3/17/2022 13:54,2
AWOU5IMX,AQLM530W,3/26/2022 13:37,3/26/2022 15:06,1
AWOU5IMX,S4YFAPIZ,4/13/2022 11:19,4/13/2022 12:47,2
AWOU5IMX,AQLM530W,4/22/2022 7:56,4/22/2022 9:15,1
AWOU5IMX,GLZCAPCW,5/1/2022 18:52,5/1/2022 19:08,2
AWOU5IMX,XRIGE3H4,5/9/2022 8:57,5/9/2022 12:59,4
AWOU5IMX,N83TIS04,5/27/2022 10:55,5/27/2022 12:03,1
AWOU5IMX,AQLM530W,6/10/2022 6:35,6/10/2022 6:55,1
AWOU5IMX,XRIGE3H4,6/30/2022 16:51,6/30/2022 17:55,1
AWOU5IMX,XRIGE3H4,7/13/2022 2:13,7/15/2022 1:21,5
AWOU5IMX,AQLM530W,7/27/2022 17:26,7/27/2022 18:33,2
AWOU5IMX,GLZCAPCW,8/8/2022 19:25,8/9/2022 2:51,5
AWOU5IMX,GLZCAPCW,8/17/2022 7:33,8/17/2022 7:50,1
AWOU5IMX,XRIGE3H4,9/6/2022 11:14,9/6/2022 12:28,2
AWOU5IMX,N83TIS04,9/29/2022 13:02,9/29/2022 23:18,4
AWOU5IMX,XRIGE3H4,10/14/2022 7:13,10/14/2022 8:33,1
AWOU5IMX,N83TIS04,11/3/2022 19:48,11/3/2022 19:58,1
AWOU5IMX,GLZCAPCW,11/12/2022 21:10,11/12/2022 22:13,2
AWOU5IMX,XRIGE3H4,11/21/2022 14:19,11/21/2022 14:31,1
AWOU5IMX,N83TIS04,12/8/2022 3:03,12/8/2022 4:28,1
AWOU5IMX,S4YFAPIZ,12/21/2022 22:15,12/21/2022 23:26,2
AWOU5IMX,S4YFAPIZ,1/4/2023 13:38,1/4/2023 14:39,1
AWOU5IMX,AQLM530W,1/16/2023 21:20,1/16/2023 22:42,1
AWOU5IMX,GLZCAPCW,1/24/2023 10:43,1/27/2023 8:56,5
AWOU5IMX,AQLM530W,2/8/2023 10:47,2/8/2023 13:04,2
AWOU5IMX,AQLM530W,2/22/2023 4:52,2/23/2023 7:11,5
AWOU5IMX,N83TIS04,3/3/2023 6:20,3/3/2023 6:21,1
AWOU5IMX,N83TIS04,3/30/2023 20:22,3/30/2023 21:48,1
AWOU5IMX,GLZCAPCW,4/14/2023 18:13,4/14/2023 18:20,2
AWOU5IMX,N83TIS04,4/30/2023 2:00,4/30/2023 4:26,4
AWOU5IMX,AQLM530W,5/26/2023 5:41,5/26/2023 7:05,2
AWOU5IMX,N83TIS04,6/1/2023 11:51,6/1/2023 12:17,2
AWOU5IMX,XRIGE3H4,6/16/2023 13:21,6/16/2023 13:43,2
AWOU5IMX,AQLM530W,7/2/2023 3:40,7/2/2023 5:03,1
AWOU5IMX,XRIGE3H4,7/23/2023 3:39,7/23/2023 3:50,1
AWOU5IMX,N83TIS04,8/5/2023 20:50,8/5/2023 21:54,1
AWOU5IMX,GLZCAPCW,8/19/2023 13:55,8/19/2023 14:00,2
AWOU5IMX,AQLM530W,9/7/2023 11:03,9/7/2023 12:10,1
AWOU5IMX,XRIGE3H4,10/2/2023 10:50,10/2/2023 11:51,1
AWOU5IMX,S4YFAPIZ,10/25/2023 10:04,10/25/2023 10:18,1
AWOU5IMX,GLZCAPCW,10/31/2023 21:57,10/31/2023 22:16,1
AWOU5IMX,N83TIS04,11/25/2023 8:12,11/25/2023 21:25,4
AWOU5IMX,AQLM530W,12/9/2023 15:23,12/10/2023 7:45,4
AWOU5IMX,S4YFAPIZ,1/1/2024 19:39,1/1/2024 21:59,4
AWOU5IMX,GLZCAPCW,1/22/2024 13:17,1/22/2024 15:39,2
6VABNMFW,E9JZDVOS,2/27/2021 22:01,2/27/2021 23:07,2
6VABNMFW,0DO57IW7,3/9/2021 12:05,3/9/2021 12:34,1
6VABNMFW,3VT2U8Z9,3/13/2021 14:48,3/13/2021 14:55,1
6VABNMFW,E9JZDVOS,3/21/2021 16:38,3/22/2021 23:06,5
6VABNMFW,0DO57IW7,3/26/2021 5:18,3/26/2021 5:24,1
6VABNMFW,AKT0HJFN,4/9/2021 0:34,4/9/2021 0:34,1
6VABNMFW,3VT2U8Z9,4/21/2021 23:36,4/22/2021 0:58,1
6VABNMFW,HGU0A56N,4/27/2021 21:22,4/27/2021 22:26,1
6VABNMFW,E9JZDVOS,5/11/2021 10:24,5/11/2021 23:53,4
6VABNMFW,HGU0A56N,5/27/2021 16:36,5/27/2021 17:48,1
6VABNMFW,3VT2U8Z9,6/1/2021 9:22,6/1/2021 10:52,1
6VABNMFW,3VT2U8Z9,6/19/2021 8:53,6/19/2021 13:14,4
6VABNMFW,HGU0A56N,7/4/2021 19:50,7/4/2021 21:02,1
6VABNMFW,AKT0HJFN,7/20/2021 10:55,7/20/2021 18:57,5
6VABNMFW,E9JZDVOS,7/24/2021 7:36,7/24/2021 7:43,1
6VABNMFW,E9JZDVOS,8/3/2021 13:01,8/3/2021 13:11,1
6VABNMFW,3VT2U8Z9,8/18/2021 9:18,8/18/2021 10:39,1
6VABNMFW,0DO57IW7,8/26/2021 4:41,8/26/2021 6:10,1
6VABNMFW,AKT0HJFN,9/6/2021 19:57,9/6/2021 21:00,1
6VABNMFW,3VT2U8Z9,9/16/2021 21:07,9/16/2021 23:21,2
6VABNMFW,HGU0A56N,9/24/2021 3:16,9/24/2021 4:34,1
6VABNMFW,3VT2U8Z9,10/8/2021 23:10,10/9/2021 1:28,2
6VABNMFW,3VT2U8Z9,10/20/2021 11:27,10/20/2021 12:28,2
6VABNMFW,E9JZDVOS,11/3/2021 23:41,11/3/2021 23:41,1
6VABNMFW,AKT0HJFN,12/4/2021 13:39,12/4/2021 13:49,2
6VABNMFW,HGU0A56N,12/25/2021 2:45,12/25/2021 10:08,4
6VABNMFW,AKT0HJFN,1/6/2022 5:44,1/6/2022 7:02,1
6VABNMFW,E9JZDVOS,1/21/2022 1:21,1/21/2022 17:21,4
6VABNMFW,AKT0HJFN,1/24/2022 16:56,1/25/2022 17:15,5
6VABNMFW,E9JZDVOS,2/2/2022 3:57,2/2/2022 5:02,1
6VABNMFW,AKT0HJFN,3/16/2022 21:02,3/16/2022 22:20,1
6VABNMFW,HGU0A56N,3/29/2022 9:43,3/29/2022 10:43,1
6VABNMFW,AKT0HJFN,4/16/2022 16:02,4/16/2022 16:22,1
6VABNMFW,AKT0HJFN,4/27/2022 11:47,4/27/2022 12:17,2
6VABNMFW,0DO57IW7,5/13/2022 22:11,5/13/2022 23:34,1
6VABNMFW,AKT0HJFN,5/29/2022 10:52,5/29/2022 13:09,2
6VABNMFW,3VT2U8Z9,6/10/2022 15:30,6/10/2022 16:51,1
6VABNMFW,E9JZDVOS,6/18/2022 8:42,6/18/2022 9:51,1
6VABNMFW,E9JZDVOS,7/12/2022 5:52,7/12/2022 6:14,1
6VABNMFW,E9JZDVOS,7/25/2022 1:00,7/25/2022 16:16,4
6VABNMFW,3VT2U8Z9,7/31/2022 12:32,7/31/2022 14:46,2
6VABNMFW,AKT0HJFN,8/7/2022 16:06,8/7/2022 17:34,1
6VABNMFW,0DO57IW7,8/13/2022 15:20,8/16/2022 14:46,5
6VABNMFW,E9JZDVOS,8/24/2022 1:45,8/24/2022 2:46,1
6VABNMFW,HGU0A56N,9/12/2022 15:39,9/12/2022 16:47,1
6VABNMFW,AKT0HJFN,9/30/2022 15:24,10/1/2022 1:28,4
6VABNMFW,HGU0A56N,10/20/2022 6:36,10/20/2022 6:37,1
6VABNMFW,0DO57IW7,10/28/2022 19:33,10/29/2022 17:40,5
6VABNMFW,0DO57IW7,11/8/2022 10:21,11/8/2022 10:36,1
6VABNMFW,E9JZDVOS,11/21/2022 1:24,11/21/2022 1:50,1
6VABNMFW,3VT2U8Z9,12/8/2022 3:27,12/8/2022 5:32,2
6VABNMFW,0DO57IW7,12/22/2022 22:57,12/23/2022 1:23,2
6VABNMFW,0DO57IW7,1/6/2023 12:51,1/6/2023 13:59,2
6VABNMFW,HGU0A56N,1/23/2023 14:26,1/23/2023 15:50,1
6VABNMFW,HGU0A56N,1/27/2023 4:43,1/27/2023 4:56,1
6VABNMFW,0DO57IW7,2/7/2023 21:57,2/7/2023 22:10,1
6VABNMFW,AKT0HJFN,2/23/2023 17:50,2/23/2023 20:11,2
6VABNMFW,E9JZDVOS,3/12/2023 0:59,3/12/2023 2:21,4
6VABNMFW,AKT0HJFN,3/27/2023 13:35,3/27/2023 14:39,2
6VABNMFW,AKT0HJFN,4/9/2023 6:20,4/9/2023 7:25,1
6VABNMFW,E9JZDVOS,5/4/2023 23:55,5/5/2023 0:09,1
6VABNMFW,3VT2U8Z9,5/31/2023 12:06,5/31/2023 21:33,5
6VABNMFW,3VT2U8Z9,6/11/2023 17:38,6/11/2023 18:58,1
6VABNMFW,0DO57IW7,7/1/2023 12:54,7/1/2023 13:09,1
6VABNMFW,AKT0HJFN,7/17/2023 16:58,7/17/2023 18:00,2
6VABNMFW,HGU0A56N,7/26/2023 9:26,7/26/2023 12:32,3
6VABNMFW,E9JZDVOS,8/8/2023 12:43,8/8/2023 13:51,1
6VABNMFW,3VT2U8Z9,8/24/2023 7:49,8/24/2023 8:12,1
6VABNMFW,HGU0A56N,9/11/2023 18:45,9/11/2023 18:48,1
6VABNMFW,HGU0A56N,10/4/2023 11:23,10/4/2023 11:49,1
6VABNMFW,E9JZDVOS,11/1/2023 13:12,11/1/2023 13:30,1
6VABNMFW,0DO57IW7,11/16/2023 6:40,11/16/2023 9:54,5
6VABNMFW,AKT0HJFN,12/7/2023 0:09,12/7/2023 3:16,4
6VABNMFW,3VT2U8Z9,12/26/2023 13:22,12/26/2023 15:31,4
6VABNMFW,AKT0HJFN,1/9/2024 8:19,1/9/2024 8:24,1
6VABNMFW,HGU0A56N,1/31/2024 10:30,1/31/2024 11:48,1
7PML7DX0,25KMBAHV,2/8/2021 22:11,2/8/2021 23:11,1
7PML7DX0,SBA4VF82,2/17/2021 21:25,2/17/2021 22:55,1
7PML7DX0,25KMBAHV,2/25/2021 21:12,2/25/2021 22:13,1
7PML7DX0,25KMBAHV,3/8/2021 9:02,3/8/2021 18:04,4
7PML7DX0,SBA4VF82,3/13/2021 18:04,3/13/2021 19:14,2
7PML7DX0,S0S9LD07,3/28/2021 4:42,3/28/2021 7:10,2
7PML7DX0,25KMBAHV,4/1/2021 14:18,4/1/2021 14:29,1
7PML7DX0,WR0ALUUZ,4/16/2021 4:46,4/16/2021 5:08,1
7PML7DX0,S0S9LD07,4/29/2021 20:18,4/29/2021 21:40,1
7PML7DX0,WR0ALUUZ,5/11/2021 14:44,5/12/2021 1:56,4
7PML7DX0,S0S9LD07,5/29/2021 12:44,5/29/2021 14:11,1
7PML7DX0,4F40TSTL,6/16/2021 23:27,6/16/2021 23:44,2
7PML7DX0,25KMBAHV,7/5/2021 1:15,7/5/2021 2:42,1
7PML7DX0,25KMBAHV,7/18/2021 2:54,7/18/2021 2:55,1
7PML7DX0,WR0ALUUZ,7/28/2021 6:21,7/28/2021 7:25,1
7PML7DX0,25KMBAHV,8/8/2021 13:03,8/9/2021 3:27,4
7PML7DX0,25KMBAHV,8/29/2021 12:41,8/30/2021 5:11,4
7PML7DX0,S0S9LD07,9/13/2021 7:51,9/13/2021 9:17,1
7PML7DX0,S0S9LD07,9/22/2021 14:56,9/22/2021 15:14,1
7PML7DX0,4F40TSTL,10/14/2021 9:09,10/14/2021 23:12,4
7PML7DX0,4F40TSTL,11/14/2021 5:57,11/14/2021 6:13,1
7PML7DX0,4F40TSTL,11/25/2021 18:46,11/28/2021 1:15,5
7PML7DX0,S0S9LD07,12/7/2021 8:14,12/7/2021 8:21,2
7PML7DX0,WR0ALUUZ,12/16/2021 4:32,12/16/2021 17:52,4
7PML7DX0,SBA4VF82,12/21/2021 10:53,12/21/2021 22:04,4
7PML7DX0,S0S9LD07,1/2/2022 21:16,1/2/2022 22:37,1
7PML7DX0,S0S9LD07,1/18/2022 5:59,1/18/2022 6:26,2
7PML7DX0,SBA4VF82,2/15/2022 7:02,2/15/2022 10:07,4
7PML7DX0,S0S9LD07,2/23/2022 2:16,2/23/2022 3:31,4
7PML7DX0,SBA4VF82,3/11/2022 15:59,3/11/2022 16:22,1
7PML7DX0,WR0ALUUZ,3/20/2022 10:15,3/20/2022 10:19,2
7PML7DX0,S0S9LD07,4/15/2022 12:42,4/15/2022 13:46,2
7PML7DX0,4F40TSTL,4/22/2022 23:52,4/23/2022 1:10,1
7PML7DX0,SBA4VF82,5/2/2022 9:30,5/2/2022 10:39,1
7PML7DX0,25KMBAHV,5/11/2022 7:51,5/11/2022 9:21,1
7PML7DX0,25KMBAHV,5/28/2022 10:56,5/28/2022 13:23,2
7PML7DX0,SBA4VF82,6/16/2022 11:41,6/16/2022 12:09,1
7PML7DX0,WR0ALUUZ,6/28/2022 0:06,6/28/2022 0:16,1
7PML7DX0,4F40TSTL,7/10/2022 11:25,7/11/2022 0:29,4
7PML7DX0,WR0ALUUZ,7/20/2022 23:49,7/21/2022 2:17,2
7PML7DX0,25KMBAHV,8/5/2022 19:10,8/5/2022 21:18,2
7PML7DX0,WR0ALUUZ,8/14/2022 0:03,8/14/2022 2:29,2
7PML7DX0,SBA4VF82,8/18/2022 10:12,8/20/2022 14:14,5
7PML7DX0,S0S9LD07,8/28/2022 18:49,8/28/2022 18:53,1
7PML7DX0,SBA4VF82,9/16/2022 16:16,9/16/2022 18:28,2
7PML7DX0,S0S9LD07,10/4/2022 4:17,10/4/2022 4:30,1
7PML7DX0,S0S9LD07,10/16/2022 2:01,10/16/2022 3:16,1
7PML7DX0,SBA4VF82,11/3/2022 9:27,11/3/2022 10:43,1
7PML7DX0,S0S9LD07,11/21/2022 20:34,11/21/2022 22:04,1
7PML7DX0,4F40TSTL,12/12/2022 10:12,12/12/2022 10:14,1
7PML7DX0,WR0ALUUZ,12/23/2022 0:58,12/23/2022 1:17,1
7PML7DX0,4F40TSTL,1/6/2023 10:21,1/6/2023 11:45,1
7PML7DX0,S0S9LD07,1/13/2023 6:52,1/13/2023 8:08,1
7PML7DX0,WR0ALUUZ,2/1/2023 20:44,2/1/2023 20:49,2
7PML7DX0,4F40TSTL,2/17/2023 17:41,2/17/2023 18:05,1
7PML7DX0,4F40TSTL,3/4/2023 4:47,3/4/2023 6:06,1
7PML7DX0,S0S9LD07,3/15/2023 22:48,3/16/2023 7:10,5
7PML7DX0,25KMBAHV,4/8/2023 16:05,4/8/2023 18:32,2
7PML7DX0,WR0ALUUZ,4/25/2023 0:23,4/25/2023 0:47,1
7PML7DX0,25KMBAHV,5/12/2023 13:51,5/13/2023 21:58,5
7PML7DX0,4F40TSTL,5/28/2023 5:21,5/28/2023 5:21,1
7PML7DX0,S0S9LD07,6/11/2023 16:41,6/11/2023 17:43,2
7PML7DX0,4F40TSTL,7/8/2023 4:30,7/8/2023 21:51,5
7PML7DX0,S0S9LD07,7/18/2023 23:19,7/19/2023 10:21,5
7PML7DX0,S0S9LD07,8/12/2023 21:13,8/12/2023 22:40,1
7PML7DX0,WR0ALUUZ,9/6/2023 17:41,9/6/2023 18:53,1
7PML7DX0,WR0ALUUZ,9/24/2023 14:29,9/24/2023 14:33,3
7PML7DX0,4F40TSTL,10/9/2023 17:45,10/10/2023 3:10,4
7PML7DX0,25KMBAHV,11/3/2023 8:55,11/3/2023 22:08,4
7PML7DX0,SBA4VF82,11/23/2023 11:40,11/23/2023 13:00,1
7PML7DX0,4F40TSTL,11/27/2023 21:35,11/27/2023 21:53,1
7PML7DX0,S0S9LD07,12/20/2023 17:42,12/20/2023 18:00,2
7PML7DX0,S0S9LD07,1/14/2024 5:52,1/14/2024 7:10,2
7PML7DX0,S0S9LD07,1/24/2024 20:04,1/24/2024 21:22,1
WVSI44XE,UI2CTBK7,9/6/2017 15:54,9/6/2017 16:56,3
WVSI44XE,UI2CTBK7,9/18/2017 15:57,9/18/2017 17:02,1
WVSI44XE,TWMVHIBS,9/26/2017 19:43,9/26/2017 20:51,1
WVSI44XE,UI2CTBK7,10/8/2017 17:05,10/8/2017 18:28,2
WVSI44XE,UI2CTBK7,10/21/2017 7:42,10/21/2017 14:59,3
WVSI44XE,KKQCN5Y1,11/2/2017 16:23,11/3/2017 5:30,4
WVSI44XE,TWMVHIBS,11/12/2017 3:07,11/12/2017 6:15,4
WVSI44XE,3Y7HF4F0,11/18/2017 18:13,11/18/2017 18:14,1
WVSI44XE,WMG53DFJ,11/22/2017 13:46,11/22/2017 18:57,4
WVSI44XE,KKQCN5Y1,12/7/2017 6:25,12/7/2017 6:35,2
WVSI44XE,TWMVHIBS,12/15/2017 23:11,12/16/2017 13:40,4
WVSI44XE,3Y7HF4F0,12/26/2017 9:15,12/26/2017 10:28,1
WVSI44XE,TWMVHIBS,1/8/2018 18:39,1/8/2018 18:53,1
WVSI44XE,UI2CTBK7,1/20/2018 10:54,1/20/2018 12:06,1
WVSI44XE,3Y7HF4F0,1/23/2018 15:26,1/24/2018 0:42,4
WVSI44XE,WMG53DFJ,2/1/2018 4:33,2/1/2018 5:38,1
WVSI44XE,TWMVHIBS,2/11/2018 13:31,2/11/2018 14:45,1
WVSI44XE,KKQCN5Y1,2/20/2018 1:45,2/21/2018 10:07,5
WVSI44XE,WMG53DFJ,3/1/2018 22:15,3/2/2018 4:25,4
WVSI44XE,UI2CTBK7,3/11/2018 13:48,3/11/2018 14:09,1
WVSI44XE,KKQCN5Y1,3/19/2018 8:05,3/19/2018 8:12,5
WVSI44XE,KKQCN5Y1,3/30/2018 9:33,3/30/2018 10:39,2
WVSI44XE,3Y7HF4F0,4/8/2018 19:40,4/8/2018 22:09,2
WVSI44XE,WMG53DFJ,4/11/2018 8:42,4/11/2018 9:44,1
WVSI44XE,UI2CTBK7,4/20/2018 22:40,4/20/2018 22:57,4
WVSI44XE,WMG53DFJ,5/8/2018 13:36,5/9/2018 10:49,5
WVSI44XE,UI2CTBK7,5/18/2018 11:17,5/18/2018 12:34,1
WVSI44XE,TWMVHIBS,6/8/2018 6:33,6/8/2018 20:57,4
WVSI44XE,UI2CTBK7,6/16/2018 16:00,6/16/2018 21:22,3
WVSI44XE,KKQCN5Y1,7/1/2018 9:40,7/1/2018 9:59,1
WVSI44XE,3Y7HF4F0,7/17/2018 6:40,7/17/2018 7:00,1
WVSI44XE,KKQCN5Y1,7/25/2018 10:15,7/25/2018 18:33,4
WVSI44XE,WMG53DFJ,8/5/2018 9:51,8/5/2018 11:13,1
WVSI44XE,KKQCN5Y1,9/14/2018 1:11,9/14/2018 2:24,1
WVSI44XE,KKQCN5Y1,9/25/2018 5:45,9/25/2018 7:51,2
WVSI44XE,TWMVHIBS,10/3/2018 1:29,10/3/2018 1:38,1
WVSI44XE,KKQCN5Y1,10/13/2018 18:44,10/13/2018 20:09,2
WVSI44XE,WMG53DFJ,10/24/2018 10:27,10/25/2018 2:54,4
WVSI44XE,3Y7HF4F0,11/9/2018 2:47,11/10/2018 18:02,5
WVSI44XE,WMG53DFJ,11/26/2018 13:54,11/26/2018 14:59,2
WVSI44XE,UI2CTBK7,12/9/2018 15:38,12/9/2018 16:55,1
WVSI44XE,TWMVHIBS,12/25/2018 20:39,12/25/2018 21:58,1
WVSI44XE,WMG53DFJ,12/29/2018 11:28,12/29/2018 11:42,1
WVSI44XE,KKQCN5Y1,1/11/2019 8:08,1/11/2019 8:19,2
WVSI44XE,WMG53DFJ,1/21/2019 15:31,1/21/2019 15:47,1
WVSI44XE,TWMVHIBS,1/29/2019 6:22,1/29/2019 8:50,2
WVSI44XE,UI2CTBK7,2/5/2019 14:56,2/5/2019 17:07,2
WVSI44XE,WMG53DFJ,2/15/2019 5:50,2/15/2019 5:51,1
WVSI44XE,KKQCN5Y1,2/25/2019 11:57,2/25/2019 12:26,1
WVSI44XE,3Y7HF4F0,3/7/2019 21:50,3/7/2019 22:10,1
WVSI44XE,WMG53DFJ,3/24/2019 0:39,3/24/2019 1:43,1
WVSI44XE,3Y7HF4F0,4/2/2019 6:33,4/2/2019 6:54,1
WVSI44XE,KKQCN5Y1,4/12/2019 8:24,4/12/2019 9:53,2
WVSI44XE,UI2CTBK7,4/26/2019 2:02,4/26/2019 10:25,4
WVSI44XE,WMG53DFJ,5/6/2019 17:15,5/6/2019 18:42,1
WVSI44XE,WMG53DFJ,5/11/2019 9:15,5/12/2019 0:29,4
WVSI44XE,WMG53DFJ,5/18/2019 9:23,5/18/2019 10:27,1
WVSI44XE,WMG53DFJ,5/28/2019 4:05,5/28/2019 5:13,2
WVSI44XE,UI2CTBK7,6/12/2019 14:45,6/12/2019 15:15,2
WVSI44XE,KKQCN5Y1,6/23/2019 5:41,6/23/2019 7:11,1
WVSI44XE,WMG53DFJ,7/2/2019 18:57,7/2/2019 20:20,1
WVSI44XE,KKQCN5Y1,7/19/2019 4:26,7/19/2019 6:36,2
WVSI44XE,UI2CTBK7,7/31/2019 11:29,7/31/2019 11:45,2
WVSI44XE,TWMVHIBS,8/12/2019 8:37,8/12/2019 9:37,1
WVSI44XE,WMG53DFJ,8/25/2019 5:01,8/25/2019 19:02,4
WVSI44XE,WMG53DFJ,9/5/2019 8:34,9/5/2019 8:49,1
WVSI44XE,UI2CTBK7,9/15/2019 11:11,9/15/2019 22:37,4
WVSI44XE,KKQCN5Y1,9/25/2019 13:23,9/25/2019 14:36,1
WVSI44XE,TWMVHIBS,10/11/2019 15:22,10/11/2019 16:32,1
WVSI44XE,WMG53DFJ,10/20/2019 1:05,10/20/2019 2:16,1
WVSI44XE,WMG53DFJ,11/1/2019 0:20,11/1/2019 1:35,1
WVSI44XE,UI2CTBK7,11/14/2019 13:57,11/14/2019 15:23,1
WVSI44XE,WMG53DFJ,11/24/2019 4:04,11/26/2019 5:13,5
WVSI44XE,TWMVHIBS,12/2/2019 8:19,12/2/2019 8:29,1
WVSI44XE,KKQCN5Y1,12/11/2019 14:31,12/11/2019 14:38,1
WVSI44XE,3Y7HF4F0,12/19/2019 0:31,12/19/2019 13:33,4
WVSI44XE,KKQCN5Y1,1/5/2020 20:11,1/5/2020 21:22,2
WVSI44XE,KKQCN5Y1,1/9/2020 1:45,1/9/2020 3:05,1
WVSI44XE,3Y7HF4F0,1/21/2020 12:30,1/21/2020 12:30,1
WVSI44XE,WMG53DFJ,2/3/2020 1:23,2/3/2020 2:25,1
WVSI44XE,TWMVHIBS,2/18/2020 7:23,2/18/2020 8:49,1
WVSI44XE,WMG53DFJ,3/1/2020 15:04,3/1/2020 15:10,1
WVSI44XE,KKQCN5Y1,3/13/2020 3:33,3/13/2020 4:37,1
WVSI44XE,UI2CTBK7,3/23/2020 7:28,3/23/2020 8:58,1
WVSI44XE,WMG53DFJ,4/1/2020 16:55,4/1/2020 18:24,2
WVSI44XE,TWMVHIBS,4/9/2020 7:23,4/9/2020 7:42,1
WVSI44XE,3Y7HF4F0,4/20/2020 8:03,4/20/2020 15:24,4
WVSI44XE,WMG53DFJ,4/30/2020 20:18,4/30/2020 21:27,1
WVSI44XE,WMG53DFJ,5/5/2020 5:53,5/7/2020 2:58,5
WVSI44XE,WMG53DFJ,5/16/2020 19:39,5/16/2020 20:49,2
WVSI44XE,3Y7HF4F0,5/28/2020 19:11,5/28/2020 20:34,1
WVSI44XE,3Y7HF4F0,6/9/2020 2:04,6/11/2020 10:07,5
WVSI44XE,WMG53DFJ,6/13/2020 17:15,6/13/2020 18:42,1
WVSI44XE,3Y7HF4F0,6/24/2020 13:04,6/27/2020 7:34,5
WVSI44XE,TWMVHIBS,7/4/2020 11:39,7/4/2020 13:45,2
WVSI44XE,WMG53DFJ,7/15/2020 16:23,7/15/2020 16:24,2
WVSI44XE,3Y7HF4F0,7/29/2020 10:42,7/29/2020 20:03,4
WVSI44XE,TWMVHIBS,8/10/2020 18:41,8/10/2020 20:07,1
WVSI44XE,KKQCN5Y1,8/27/2020 15:08,8/27/2020 15:16,1
WVSI44XE,UI2CTBK7,9/5/2020 13:32,9/5/2020 15:55,4
WVSI44XE,TWMVHIBS,9/25/2020 19:36,9/25/2020 20:46,4
WVSI44XE,UI2CTBK7,10/11/2020 6:22,10/11/2020 12:37,3
WVSI44XE,KKQCN5Y1,10/25/2020 18:28,10/26/2020 23:49,5
WVSI44XE,WMG53DFJ,11/10/2020 3:32,11/10/2020 4:44,2
WVSI44XE,TWMVHIBS,11/17/2020 1:34,11/17/2020 2:48,1
WVSI44XE,KKQCN5Y1,11/29/2020 23:15,11/29/2020 23:15,1
WVSI44XE,WMG53DFJ,12/14/2020 15:29,12/14/2020 16:52,1
WVSI44XE,TWMVHIBS,12/22/2020 7:12,12/22/2020 8:21,1
WVSI44XE,WMG53DFJ,12/31/2020 5:27,12/31/2020 5:33,1
WVSI44XE,TWMVHIBS,1/13/2021 2:24,1/13/2021 17:54,5
WVSI44XE,WMG53DFJ,1/18/2021 2:20,1/18/2021 4:45,2
WVSI44XE,3Y7HF4F0,1/28/2021 19:18,1/28/2021 19:23,1
WVSI44XE,3Y7HF4F0,2/4/2021 2:24,2/4/2021 3:51,1
WVSI44XE,UI2CTBK7,2/15/2021 7:20,2/15/2021 20:50,4
WVSI44XE,KKQCN5Y1,2/23/2021 5:47,2/23/2021 7:51,2
WVSI44XE,KKQCN5Y1,3/10/2021 5:19,3/10/2021 5:26,2
WVSI44XE,UI2CTBK7,3/25/2021 14:48,3/25/2021 15:48,1
WVSI44XE,KKQCN5Y1,4/6/2021 11:03,4/9/2021 8:15,5
WVSI44XE,3Y7HF4F0,4/18/2021 9:28,4/18/2021 10:53,1
WVSI44XE,TWMVHIBS,5/6/2021 16:54,5/6/2021 17:55,2
WVSI44XE,WMG53DFJ,5/19/2021 21:18,5/19/2021 21:22,1
WVSI44XE,3Y7HF4F0,5/27/2021 4:43,5/27/2021 6:00,1
WVSI44XE,3Y7HF4F0,6/13/2021 2:45,6/13/2021 9:02,4
WVSI44XE,UI2CTBK7,6/24/2021 1:31,6/24/2021 2:39,1
WVSI44XE,UI2CTBK7,7/3/2021 19:12,7/3/2021 20:31,2
WVSI44XE,WMG53DFJ,7/20/2021 9:29,7/20/2021 10:48,1
WVSI44XE,3Y7HF4F0,7/25/2021 23:40,7/26/2021 0:02,1
WVSI44XE,UI2CTBK7,8/4/2021 2:56,8/4/2021 3:09,2
WVSI44XE,KKQCN5Y1,8/22/2021 20:30,8/22/2021 21:47,1
WVSI44XE,WMG53DFJ,9/3/2021 20:17,9/3/2021 22:26,2
WVSI44XE,TWMVHIBS,9/23/2021 8:35,9/24/2021 1:01,4
WVSI44XE,WMG53DFJ,10/13/2021 10:18,10/14/2021 3:47,5
WVSI44XE,WMG53DFJ,11/2/2021 4:29,11/2/2021 5:56,1
WVSI44XE,3Y7HF4F0,11/15/2021 11:45,11/15/2021 13:07,1
WVSI44XE,WMG53DFJ,12/1/2021 20:06,12/2/2021 20:17,5
WVSI44XE,WMG53DFJ,12/12/2021 15:16,12/12/2021 16:39,4
WVSI44XE,WMG53DFJ,12/22/2021 11:19,12/23/2021 1:45,4
WVSI44XE,3Y7HF4F0,1/8/2022 5:40,1/8/2022 6:43,1
WVSI44XE,3Y7HF4F0,1/22/2022 20:49,1/22/2022 21:05,1
WVSI44XE,TWMVHIBS,2/2/2022 12:56,2/2/2022 14:05,1
WVSI44XE,UI2CTBK7,2/17/2022 9:16,2/17/2022 10:17,1
WVSI44XE,UI2CTBK7,2/18/2022 15:43,2/18/2022 18:05,2
WVSI44XE,TWMVHIBS,3/4/2022 3:58,3/4/2022 4:05,2
WVSI44XE,UI2CTBK7,3/31/2022 22:39,3/31/2022 23:49,1
WVSI44XE,KKQCN5Y1,4/18/2022 6:31,4/18/2022 6:51,1
WVSI44XE,TWMVHIBS,4/26/2022 4:08,4/26/2022 5:37,1
WVSI44XE,KKQCN5Y1,5/8/2022 13:12,5/8/2022 15:18,2
WVSI44XE,WMG53DFJ,5/28/2022 20:47,5/28/2022 21:16,2
WVSI44XE,WMG53DFJ,6/4/2022 11:23,6/4/2022 13:40,2
WVSI44XE,TWMVHIBS,6/10/2022 13:29,6/10/2022 13:34,1
WVSI44XE,WMG53DFJ,6/17/2022 22:27,6/17/2022 22:44,1
WVSI44XE,UI2CTBK7,6/27/2022 19:23,6/28/2022 11:26,4
WVSI44XE,TWMVHIBS,7/18/2022 21:38,7/19/2022 19:04,5
WVSI44XE,TWMVHIBS,8/5/2022 17:11,8/6/2022 19:23,5
WVSI44XE,TWMVHIBS,8/24/2022 1:44,8/24/2022 16:09,4
WVSI44XE,KKQCN5Y1,9/10/2022 4:05,9/10/2022 4:22,1
WVSI44XE,UI2CTBK7,10/2/2022 15:28,10/2/2022 15:46,1
WVSI44XE,TWMVHIBS,10/18/2022 22:49,10/19/2022 0:11,2
WVSI44XE,WMG53DFJ,11/6/2022 15:41,11/6/2022 17:46,2
WVSI44XE,TWMVHIBS,11/28/2022 15:44,11/30/2022 9:10,5
WVSI44XE,KKQCN5Y1,12/14/2022 12:41,12/14/2022 19:48,4
WVSI44XE,TWMVHIBS,12/26/2022 11:23,12/26/2022 12:48,2
WVSI44XE,UI2CTBK7,1/17/2023 17:42,1/17/2023 18:43,1
WVSI44XE,TWMVHIBS,2/3/2023 7:40,2/3/2023 12:04,4
WVSI44XE,KKQCN5Y1,2/11/2023 2:08,2/11/2023 3:36,1
WVSI44XE,UI2CTBK7,3/2/2023 13:46,3/2/2023 14:09,3
WVSI44XE,KKQCN5Y1,3/25/2023 15:57,3/25/2023 17:07,1
WVSI44XE,KKQCN5Y1,4/11/2023 1:38,4/11/2023 1:46,1
WVSI44XE,UI2CTBK7,4/29/2023 8:19,4/29/2023 10:29,2
WVSI44XE,UI2CTBK7,5/19/2023 12:26,5/19/2023 15:29,3
WVSI44XE,UI2CTBK7,6/9/2023 21:05,6/9/2023 21:09,1
WVSI44XE,WMG53DFJ,6/19/2023 12:02,6/19/2023 13:31,1
WVSI44XE,TWMVHIBS,6/28/2023 7:19,6/28/2023 7:43,2
WVSI44XE,KKQCN5Y1,7/13/2023 1:28,7/13/2023 2:32,2
WVSI44XE,3Y7HF4F0,8/6/2023 4:07,8/6/2023 5:23,1
WVSI44XE,3Y7HF4F0,8/31/2023 22:11,8/31/2023 23:17,1
WVSI44XE,UI2CTBK7,9/13/2023 12:24,9/13/2023 12:49,3
WVSI44XE,TWMVHIBS,10/2/2023 0:31,10/2/2023 2:51,2
WVSI44XE,KKQCN5Y1,10/24/2023 6:13,10/24/2023 7:34,1
WVSI44XE,KKQCN5Y1,11/12/2023 20:15,11/12/2023 21:28,1
WVSI44XE,3Y7HF4F0,11/19/2023 8:51,11/19/2023 10:06,1
WVSI44XE,WMG53DFJ,12/16/2023 6:50,12/16/2023 11:05,4
WVSI44XE,WMG53DFJ,12/30/2023 8:23,12/30/2023 8:47,1
12ZHA8WI,RHZYOIOQ,6/14/2019 22:22,6/14/2019 23:34,1
12ZHA8WI,2PTSIGVD,6/18/2019 5:43,6/18/2019 6:10,1
12ZHA8WI,8CA0NVG7,6/29/2019 13:01,6/30/2019 0:02,4
12ZHA8WI,RHZYOIOQ,7/7/2019 17:05,7/7/2019 19:29,2
12ZHA8WI,EGHFWQVJ,7/22/2019 18:47,7/22/2019 19:11,1
12ZHA8WI,2PTSIGVD,7/28/2019 13:16,7/28/2019 13:31,1
12ZHA8WI,8CA0NVG7,8/12/2019 13:21,8/12/2019 15:32,4
12ZHA8WI,8CA0NVG7,8/16/2019 7:28,8/16/2019 7:39,4
12ZHA8WI,EGHFWQVJ,8/25/2019 11:58,8/25/2019 13:10,1
12ZHA8WI,EGHFWQVJ,9/10/2019 7:50,9/10/2019 8:13,1
12ZHA8WI,2PTSIGVD,9/19/2019 19:46,9/19/2019 21:05,1
12ZHA8WI,EGHFWQVJ,9/26/2019 15:12,9/26/2019 15:26,1
12ZHA8WI,DDJB6716,10/13/2019 3:58,10/13/2019 4:21,3
12ZHA8WI,RHZYOIOQ,10/27/2019 4:34,10/27/2019 21:00,4
12ZHA8WI,EGHFWQVJ,11/4/2019 1:05,11/4/2019 10:05,4
12ZHA8WI,2PTSIGVD,11/15/2019 7:35,11/15/2019 8:46,2
12ZHA8WI,RHZYOIOQ,11/21/2019 16:11,11/21/2019 16:13,1
12ZHA8WI,DDJB6716,12/2/2019 11:57,12/2/2019 11:59,1
12ZHA8WI,2PTSIGVD,12/14/2019 15:52,12/15/2019 1:55,5
12ZHA8WI,RHZYOIOQ,12/22/2019 22:34,12/22/2019 23:34,5
12ZHA8WI,2PTSIGVD,1/4/2020 20:17,1/4/2020 21:36,1
12ZHA8WI,2PTSIGVD,1/19/2020 19:30,1/20/2020 8:59,4
12ZHA8WI,RHZYOIOQ,1/31/2020 11:40,1/31/2020 18:52,4
12ZHA8WI,DDJB6716,2/12/2020 14:32,2/12/2020 15:01,1
12ZHA8WI,RHZYOIOQ,2/29/2020 3:54,2/29/2020 4:05,1
12ZHA8WI,8CA0NVG7,3/19/2020 4:33,3/19/2020 4:52,1
12ZHA8WI,8CA0NVG7,4/7/2020 1:39,4/7/2020 3:09,1
12ZHA8WI,DDJB6716,4/19/2020 20:13,4/19/2020 20:43,1
12ZHA8WI,DDJB6716,5/3/2020 10:16,5/4/2020 1:20,4
12ZHA8WI,RHZYOIOQ,5/9/2020 1:15,5/9/2020 1:32,1
12ZHA8WI,EGHFWQVJ,5/19/2020 7:18,5/19/2020 8:24,2
12ZHA8WI,2PTSIGVD,5/26/2020 6:41,5/26/2020 7:49,1
12ZHA8WI,EGHFWQVJ,7/3/2020 0:44,7/3/2020 5:09,4
12ZHA8WI,RHZYOIOQ,7/17/2020 13:11,7/17/2020 13:34,2
12ZHA8WI,DDJB6716,7/27/2020 22:22,7/28/2020 0:50,3
12ZHA8WI,DDJB6716,8/3/2020 15:40,8/3/2020 18:04,2
12ZHA8WI,RHZYOIOQ,8/18/2020 1:01,8/18/2020 1:26,1
12ZHA8WI,EGHFWQVJ,8/30/2020 6:05,8/30/2020 6:29,1
12ZHA8WI,2PTSIGVD,9/7/2020 12:15,9/8/2020 3:29,5
12ZHA8WI,2PTSIGVD,9/20/2020 1:14,9/20/2020 2:39,1
12ZHA8WI,2PTSIGVD,10/10/2020 9:18,10/10/2020 10:44,2
12ZHA8WI,EGHFWQVJ,10/20/2020 22:28,10/21/2020 1:33,4
12ZHA8WI,2PTSIGVD,11/4/2020 9:44,11/4/2020 11:00,1
12ZHA8WI,8CA0NVG7,11/14/2020 1:14,11/14/2020 2:24,2
12ZHA8WI,8CA0NVG7,11/19/2020 20:59,11/19/2020 22:12,5
12ZHA8WI,DDJB6716,12/2/2020 16:40,12/2/2020 17:03,1
12ZHA8WI,8CA0NVG7,12/9/2020 18:12,12/9/2020 18:12,1
12ZHA8WI,DDJB6716,12/21/2020 4:02,12/21/2020 7:27,4
12ZHA8WI,EGHFWQVJ,12/30/2020 7:03,12/30/2020 8:19,1
12ZHA8WI,EGHFWQVJ,1/5/2021 23:32,1/6/2021 0:55,1
12ZHA8WI,DDJB6716,1/17/2021 7:10,1/17/2021 7:33,1
12ZHA8WI,8CA0NVG7,1/30/2021 0:42,1/30/2021 0:53,1
12ZHA8WI,8CA0NVG7,2/16/2021 6:19,2/16/2021 6:35,2
12ZHA8WI,2PTSIGVD,2/27/2021 13:39,3/1/2021 13:40,5
12ZHA8WI,8CA0NVG7,3/14/2021 14:12,3/14/2021 14:14,1
12ZHA8WI,EGHFWQVJ,3/27/2021 15:13,3/27/2021 15:15,1
12ZHA8WI,2PTSIGVD,4/11/2021 7:38,4/11/2021 7:52,1
12ZHA8WI,2PTSIGVD,4/18/2021 0:04,4/18/2021 0:18,1
12ZHA8WI,DDJB6716,4/23/2021 19:32,4/24/2021 1:58,3
12ZHA8WI,RHZYOIOQ,5/3/2021 23:50,5/4/2021 11:18,4
12ZHA8WI,EGHFWQVJ,5/15/2021 0:05,5/15/2021 0:32,2
12ZHA8WI,RHZYOIOQ,5/29/2021 20:58,5/29/2021 21:01,1
12ZHA8WI,DDJB6716,6/15/2021 22:24,6/16/2021 13:26,4
12ZHA8WI,DDJB6716,6/27/2021 9:24,6/27/2021 10:36,1
12ZHA8WI,RHZYOIOQ,7/9/2021 11:13,7/9/2021 12:18,1
12ZHA8WI,2PTSIGVD,7/20/2021 21:58,7/20/2021 22:26,1
12ZHA8WI,RHZYOIOQ,8/5/2021 8:11,8/5/2021 8:31,1
12ZHA8WI,2PTSIGVD,8/11/2021 13:03,8/11/2021 14:29,2
12ZHA8WI,8CA0NVG7,8/28/2021 20:38,8/28/2021 21:51,1
12ZHA8WI,RHZYOIOQ,9/12/2021 18:24,9/12/2021 19:32,1
12ZHA8WI,2PTSIGVD,10/4/2021 12:19,10/4/2021 12:49,1
12ZHA8WI,EGHFWQVJ,10/17/2021 14:34,10/17/2021 16:00,1
12ZHA8WI,8CA0NVG7,10/30/2021 5:04,10/30/2021 5:16,1
12ZHA8WI,DDJB6716,11/18/2021 14:04,11/18/2021 14:23,2
12ZHA8WI,EGHFWQVJ,12/10/2021 3:39,12/10/2021 5:09,1
12ZHA8WI,RHZYOIOQ,12/26/2021 13:19,12/26/2021 13:34,1
12ZHA8WI,2PTSIGVD,1/19/2022 4:42,1/19/2022 5:52,1
12ZHA8WI,DDJB6716,2/1/2022 7:14,2/1/2022 8:23,1
12ZHA8WI,8CA0NVG7,2/19/2022 4:34,2/19/2022 4:46,1
12ZHA8WI,EGHFWQVJ,3/3/2022 11:44,3/3/2022 13:01,1
12ZHA8WI,DDJB6716,3/15/2022 13:00,3/15/2022 14:01,1
12ZHA8WI,RHZYOIOQ,3/29/2022 0:48,3/29/2022 13:59,4
12ZHA8WI,RHZYOIOQ,4/14/2022 1:14,4/14/2022 4:29,4
12ZHA8WI,8CA0NVG7,4/28/2022 6:03,4/28/2022 6:30,2
12ZHA8WI,DDJB6716,5/21/2022 20:43,5/22/2022 3:00,4
12ZHA8WI,DDJB6716,6/4/2022 20:15,6/5/2022 12:45,4
12ZHA8WI,8CA0NVG7,6/16/2022 9:27,6/16/2022 10:55,1
12ZHA8WI,EGHFWQVJ,7/3/2022 18:09,7/3/2022 18:24,2
12ZHA8WI,2PTSIGVD,7/23/2022 12:09,7/24/2022 1:09,5
12ZHA8WI,8CA0NVG7,8/9/2022 16:07,8/9/2022 16:18,1
12ZHA8WI,2PTSIGVD,8/30/2022 14:12,8/30/2022 14:29,1
12ZHA8WI,RHZYOIOQ,9/7/2022 1:46,9/7/2022 2:55,1
12ZHA8WI,2PTSIGVD,9/18/2022 11:53,9/18/2022 13:20,1
12ZHA8WI,DDJB6716,10/5/2022 20:55,10/6/2022 2:55,3
12ZHA8WI,RHZYOIOQ,10/25/2022 23:43,10/26/2022 4:55,4
12ZHA8WI,DDJB6716,11/5/2022 5:55,11/5/2022 6:25,1
12ZHA8WI,8CA0NVG7,11/16/2022 4:28,11/18/2022 17:48,5
12ZHA8WI,DDJB6716,11/30/2022 13:18,11/30/2022 13:33,1
12ZHA8WI,2PTSIGVD,12/21/2022 9:10,12/21/2022 10:18,1
12ZHA8WI,DDJB6716,12/30/2022 0:57,12/30/2022 4:19,4
12ZHA8WI,2PTSIGVD,1/17/2023 9:55,1/17/2023 11:20,2
12ZHA8WI,EGHFWQVJ,2/15/2023 9:36,2/15/2023 9:45,1
12ZHA8WI,DDJB6716,3/6/2023 5:44,3/6/2023 5:54,2
12ZHA8WI,RHZYOIOQ,3/22/2023 2:14,3/22/2023 2:38,1
12ZHA8WI,8CA0NVG7,4/2/2023 13:48,4/3/2023 4:00,4
12ZHA8WI,EGHFWQVJ,4/22/2023 19:31,4/22/2023 19:44,1
12ZHA8WI,2PTSIGVD,5/7/2023 12:20,5/7/2023 12:35,2
12ZHA8WI,DDJB6716,5/17/2023 14:11,5/17/2023 16:12,4
12ZHA8WI,8CA0NVG7,6/10/2023 23:47,6/11/2023 1:13,1
12ZHA8WI,8CA0NVG7,7/6/2023 1:11,7/6/2023 1:39,2
12ZHA8WI,8CA0NVG7,7/26/2023 3:02,7/26/2023 3:31,2
12ZHA8WI,DDJB6716,8/2/2023 9:04,8/2/2023 15:04,3
12ZHA8WI,EGHFWQVJ,8/17/2023 13:16,8/17/2023 14:18,1
12ZHA8WI,DDJB6716,9/1/2023 13:49,9/1/2023 14:09,1
12ZHA8WI,2PTSIGVD,9/25/2023 13:20,9/25/2023 15:43,2
12ZHA8WI,EGHFWQVJ,10/20/2023 23:06,10/20/2023 23:16,1
12ZHA8WI,8CA0NVG7,11/8/2023 21:08,11/8/2023 21:09,2
12ZHA8WI,DDJB6716,11/22/2023 23:28,11/22/2023 23:51,2
12ZHA8WI,EGHFWQVJ,12/3/2023 15:02,12/3/2023 15:17,2
12ZHA8WI,8CA0NVG7,1/3/2024 10:41,1/3/2024 10:55,1
12ZHA8WI,DDJB6716,1/15/2024 0:21,1/15/2024 1:31,1
12ZHA8WI,DDJB6716,1/25/2024 20:45,1/25/2024 20:46,1
H4R6Y02Y,5UN5C1BB,11/6/2020 13:57,11/6/2020 14:04,1
H4R6Y02Y,G90BMFAE,11/12/2020 17:13,11/12/2020 18:29,1
H4R6Y02Y,FR3P7Y1D,11/23/2020 17:42,11/23/2020 22:59,4
H4R6Y02Y,FR3P7Y1D,11/28/2020 1:02,11/28/2020 7:25,4
H4R6Y02Y,062XH3DL,12/9/2020 20:20,12/10/2020 4:43,3
H4R6Y02Y,5UN5C1BB,12/19/2020 8:06,12/19/2020 9:33,1
H4R6Y02Y,G90BMFAE,12/28/2020 23:21,12/29/2020 13:37,4
H4R6Y02Y,5UN5C1BB,1/12/2021 17:16,1/12/2021 17:17,1
H4R6Y02Y,5UN5C1BB,1/27/2021 11:51,1/27/2021 13:03,1
H4R6Y02Y,G90BMFAE,2/9/2021 9:48,2/9/2021 10:58,1
H4R6Y02Y,6RF7PRF3,2/19/2021 12:34,2/19/2021 13:41,1
H4R6Y02Y,FR3P7Y1D,3/4/2021 23:10,3/5/2021 0:25,1
H4R6Y02Y,062XH3DL,3/13/2021 22:52,3/13/2021 23:21,1
H4R6Y02Y,FR3P7Y1D,3/27/2021 4:23,3/27/2021 5:45,1
H4R6Y02Y,6RF7PRF3,4/10/2021 23:36,4/10/2021 23:58,1
H4R6Y02Y,G90BMFAE,4/26/2021 2:36,4/26/2021 2:52,1
H4R6Y02Y,5UN5C1BB,5/5/2021 12:18,5/5/2021 13:44,4
H4R6Y02Y,G90BMFAE,5/21/2021 16:03,5/21/2021 17:31,1
H4R6Y02Y,6RF7PRF3,5/26/2021 14:29,5/27/2021 9:52,5
H4R6Y02Y,5UN5C1BB,6/8/2021 5:20,6/8/2021 6:38,1
H4R6Y02Y,6RF7PRF3,6/12/2021 9:06,6/12/2021 9:15,1
H4R6Y02Y,5UN5C1BB,6/29/2021 8:19,7/1/2021 4:48,5
H4R6Y02Y,FR3P7Y1D,7/21/2021 6:40,7/21/2021 6:42,2
H4R6Y02Y,G90BMFAE,7/31/2021 1:33,7/31/2021 2:35,1
H4R6Y02Y,5UN5C1BB,8/4/2021 21:02,8/4/2021 22:27,1
H4R6Y02Y,FR3P7Y1D,8/16/2021 22:32,8/17/2021 0:36,2
H4R6Y02Y,6RF7PRF3,8/31/2021 8:09,8/31/2021 20:15,4
H4R6Y02Y,6RF7PRF3,9/7/2021 0:02,9/7/2021 1:24,1
H4R6Y02Y,5UN5C1BB,9/14/2021 19:52,9/14/2021 20:15,1
H4R6Y02Y,5UN5C1BB,10/24/2021 22:54,10/25/2021 9:13,4
H4R6Y02Y,062XH3DL,11/17/2021 18:19,11/18/2021 0:39,3
H4R6Y02Y,FR3P7Y1D,12/6/2021 10:29,12/7/2021 3:44,5
H4R6Y02Y,062XH3DL,12/13/2021 21:02,12/14/2021 10:05,4
H4R6Y02Y,G90BMFAE,12/28/2021 13:45,12/28/2021 14:12,1
H4R6Y02Y,FR3P7Y1D,1/7/2022 5:38,1/7/2022 7:04,1
H4R6Y02Y,FR3P7Y1D,1/15/2022 13:23,1/15/2022 14:50,1
H4R6Y02Y,G90BMFAE,1/30/2022 15:58,1/30/2022 16:15,1
H4R6Y02Y,062XH3DL,2/10/2022 15:14,2/10/2022 17:14,2
H4R6Y02Y,6RF7PRF3,2/28/2022 11:09,2/28/2022 13:31,2
H4R6Y02Y,G90BMFAE,3/11/2022 17:05,3/12/2022 11:19,5
H4R6Y02Y,5UN5C1BB,3/24/2022 10:58,3/24/2022 12:10,1
H4R6Y02Y,FR3P7Y1D,4/3/2022 11:32,4/3/2022 11:53,1
H4R6Y02Y,6RF7PRF3,4/15/2022 3:52,4/15/2022 6:13,2
H4R6Y02Y,5UN5C1BB,4/22/2022 15:53,4/22/2022 15:56,1
H4R6Y02Y,062XH3DL,5/8/2022 9:25,5/8/2022 9:45,1
H4R6Y02Y,5UN5C1BB,5/30/2022 10:38,5/30/2022 12:45,2
H4R6Y02Y,G90BMFAE,6/11/2022 20:17,6/11/2022 20:47,2
H4R6Y02Y,5UN5C1BB,6/18/2022 22:55,6/19/2022 8:20,5
H4R6Y02Y,FR3P7Y1D,6/27/2022 21:45,6/28/2022 6:46,4
H4R6Y02Y,FR3P7Y1D,7/7/2022 12:22,7/7/2022 13:35,1
H4R6Y02Y,FR3P7Y1D,7/23/2022 0:55,7/23/2022 2:21,1
H4R6Y02Y,6RF7PRF3,7/31/2022 0:03,7/31/2022 1:24,1
H4R6Y02Y,FR3P7Y1D,8/17/2022 3:30,8/19/2022 6:39,5
H4R6Y02Y,6RF7PRF3,8/31/2022 10:05,8/31/2022 10:28,1
H4R6Y02Y,5UN5C1BB,9/13/2022 5:32,9/13/2022 5:53,1
H4R6Y02Y,062XH3DL,9/14/2022 19:36,9/14/2022 20:52,1
H4R6Y02Y,062XH3DL,9/20/2022 18:55,9/20/2022 20:20,1
H4R6Y02Y,G90BMFAE,10/7/2022 15:58,10/8/2022 4:03,5
H4R6Y02Y,6RF7PRF3,10/14/2022 20:18,10/14/2022 22:42,2
H4R6Y02Y,062XH3DL,10/31/2022 18:44,10/31/2022 20:03,1
H4R6Y02Y,5UN5C1BB,11/7/2022 15:34,11/7/2022 15:34,1
H4R6Y02Y,FR3P7Y1D,11/18/2022 20:56,11/19/2022 4:06,4
H4R6Y02Y,G90BMFAE,12/3/2022 6:44,12/3/2022 6:57,1
H4R6Y02Y,G90BMFAE,12/21/2022 11:06,12/21/2022 17:19,4
H4R6Y02Y,FR3P7Y1D,12/29/2022 5:59,12/29/2022 7:12,1
H4R6Y02Y,6RF7PRF3,1/13/2023 7:22,1/13/2023 7:35,1
H4R6Y02Y,FR3P7Y1D,1/25/2023 4:24,1/25/2023 9:26,4
H4R6Y02Y,062XH3DL,2/5/2023 17:03,2/5/2023 18:11,2
H4R6Y02Y,G90BMFAE,3/2/2023 19:23,3/2/2023 19:51,1
H4R6Y02Y,G90BMFAE,3/21/2023 18:54,3/21/2023 23:54,4
H4R6Y02Y,G90BMFAE,3/31/2023 22:57,4/1/2023 0:26,1
H4R6Y02Y,6RF7PRF3,4/23/2023 5:56,4/23/2023 6:07,1
H4R6Y02Y,5UN5C1BB,5/19/2023 13:52,5/19/2023 14:14,4
H4R6Y02Y,062XH3DL,6/3/2023 20:31,6/3/2023 21:55,1
H4R6Y02Y,6RF7PRF3,6/19/2023 10:19,6/19/2023 20:49,4
H4R6Y02Y,062XH3DL,7/7/2023 2:19,7/7/2023 2:28,1
H4R6Y02Y,6RF7PRF3,7/26/2023 18:28,7/26/2023 18:39,1
H4R6Y02Y,062XH3DL,8/23/2023 0:59,8/23/2023 1:25,1
H4R6Y02Y,062XH3DL,9/6/2023 9:43,9/6/2023 9:47,1
H4R6Y02Y,G90BMFAE,9/22/2023 9:06,9/22/2023 10:19,1
H4R6Y02Y,FR3P7Y1D,10/7/2023 9:58,10/8/2023 9:18,5
H4R6Y02Y,FR3P7Y1D,11/6/2023 5:38,11/6/2023 6:49,2
H4R6Y02Y,FR3P7Y1D,11/28/2023 22:07,11/28/2023 23:13,2
H4R6Y02Y,062XH3DL,12/21/2023 23:43,12/22/2023 0:50,1
H4R6Y02Y,FR3P7Y1D,1/13/2024 23:57,1/14/2024 0:23,1
H4R6Y02Y,5UN5C1BB,1/15/2024 19:47,1/15/2024 20:00,2
H4R6Y02Y,G90BMFAE,1/24/2024 5:41,1/24/2024 5:47,1
3A6STZAR,YPKJPJ64,8/11/2016 1:21,8/11/2016 1:39,2
3A6STZAR,HV13ERTQ,8/22/2016 18:26,8/23/2016 0:50,4
3A6STZAR,YPKJPJ64,9/2/2016 5:02,9/2/2016 17:26,4
3A6STZAR,EO9L7E83,9/8/2016 13:03,9/10/2016 14:21,5
3A6STZAR,YPKJPJ64,9/11/2016 8:09,9/11/2016 8:26,1
3A6STZAR,YPKJPJ64,9/20/2016 21:00,9/20/2016 21:00,1
3A6STZAR,EO9L7E83,10/8/2016 3:25,10/8/2016 3:43,1
3A6STZAR,EO9L7E83,10/16/2016 5:56,10/16/2016 7:14,1
3A6STZAR,EO9L7E83,10/22/2016 2:21,10/24/2016 11:46,5
3A6STZAR,EO9L7E83,10/29/2016 22:16,10/31/2016 14:45,5
3A6STZAR,9H9P0PR3,11/12/2016 12:58,11/12/2016 14:17,2
3A6STZAR,EO9L7E83,11/16/2016 3:53,11/16/2016 5:01,1
3A6STZAR,VRJTYHP3,11/30/2016 4:24,11/30/2016 5:44,1
3A6STZAR,9H9P0PR3,12/9/2016 7:38,12/9/2016 8:39,1
3A6STZAR,YPKJPJ64,12/18/2016 0:03,12/18/2016 0:32,1
3A6STZAR,9H9P0PR3,12/26/2016 14:06,12/26/2016 14:34,1
3A6STZAR,EO9L7E83,1/11/2017 18:28,1/14/2017 3:54,5
3A6STZAR,HV13ERTQ,1/22/2017 9:10,1/22/2017 9:31,1
3A6STZAR,YPKJPJ64,1/31/2017 17:46,2/1/2017 3:49,4
3A6STZAR,YPKJPJ64,2/9/2017 22:30,2/9/2017 23:49,1
3A6STZAR,9H9P0PR3,2/16/2017 18:16,2/16/2017 19:46,1
3A6STZAR,EO9L7E83,2/23/2017 11:23,2/23/2017 11:38,1
3A6STZAR,YPKJPJ64,3/1/2017 14:30,3/1/2017 17:55,4
3A6STZAR,VRJTYHP3,3/10/2017 13:57,3/11/2017 0:09,4
3A6STZAR,YPKJPJ64,3/21/2017 8:50,3/21/2017 15:56,4
3A6STZAR,VRJTYHP3,4/6/2017 7:07,4/6/2017 7:17,1
3A6STZAR,VRJTYHP3,4/14/2017 8:39,4/14/2017 8:55,1
3A6STZAR,YPKJPJ64,5/7/2017 15:51,5/7/2017 15:51,1
3A6STZAR,VRJTYHP3,5/24/2017 14:35,5/24/2017 15:49,1
3A6STZAR,YPKJPJ64,5/27/2017 20:44,5/27/2017 22:54,2
3A6STZAR,YPKJPJ64,5/31/2017 12:21,5/31/2017 13:22,2
3A6STZAR,EO9L7E83,6/10/2017 0:32,6/10/2017 1:00,1
3A6STZAR,9H9P0PR3,6/21/2017 4:02,6/21/2017 4:06,1
3A6STZAR,9H9P0PR3,6/26/2017 9:40,6/26/2017 10:49,1
3A6STZAR,HV13ERTQ,7/5/2017 22:59,7/5/2017 23:07,4
3A6STZAR,HV13ERTQ,7/11/2017 12:28,7/11/2017 13:54,1
3A6STZAR,9H9P0PR3,8/8/2017 22:28,8/11/2017 12:37,5
3A6STZAR,VRJTYHP3,8/18/2017 20:27,8/18/2017 21:44,1
3A6STZAR,9H9P0PR3,8/29/2017 6:55,8/29/2017 9:17,2
3A6STZAR,VRJTYHP3,9/7/2017 12:18,9/7/2017 13:38,1
3A6STZAR,EO9L7E83,9/17/2017 15:13,9/17/2017 16:32,1
3A6STZAR,9H9P0PR3,9/28/2017 18:29,9/28/2017 18:54,1
3A6STZAR,VRJTYHP3,10/10/2017 8:54,10/10/2017 11:18,2
3A6STZAR,9H9P0PR3,10/24/2017 20:35,10/24/2017 20:39,1
3A6STZAR,9H9P0PR3,11/3/2017 17:05,11/3/2017 18:24,1
3A6STZAR,VRJTYHP3,11/13/2017 18:25,11/13/2017 19:49,1
3A6STZAR,9H9P0PR3,11/18/2017 0:59,11/18/2017 1:19,1
3A6STZAR,HV13ERTQ,11/25/2017 10:46,11/26/2017 4:04,5
3A6STZAR,HV13ERTQ,12/4/2017 12:27,12/4/2017 12:31,2
3A6STZAR,HV13ERTQ,12/11/2017 23:19,12/12/2017 0:22,1
3A6STZAR,YPKJPJ64,12/19/2017 21:06,12/19/2017 22:13,2
3A6STZAR,VRJTYHP3,1/3/2018 20:51,1/3/2018 22:15,5
3A6STZAR,EO9L7E83,1/7/2018 11:36,1/7/2018 11:55,1
3A6STZAR,HV13ERTQ,1/12/2018 15:24,1/12/2018 16:46,1
3A6STZAR,9H9P0PR3,1/22/2018 15:17,1/22/2018 16:47,1
3A6STZAR,9H9P0PR3,2/1/2018 8:16,2/1/2018 8:18,1
3A6STZAR,YPKJPJ64,2/16/2018 6:15,2/16/2018 6:19,2
3A6STZAR,9H9P0PR3,2/26/2018 0:14,2/26/2018 0:37,1
3A6STZAR,HV13ERTQ,3/7/2018 18:33,3/7/2018 19:56,1
3A6STZAR,EO9L7E83,3/10/2018 19:25,3/10/2018 19:36,1
3A6STZAR,YPKJPJ64,3/19/2018 1:05,3/19/2018 2:12,2
3A6STZAR,EO9L7E83,4/5/2018 23:15,4/5/2018 23:36,1
3A6STZAR,HV13ERTQ,4/12/2018 17:53,4/12/2018 18:21,1
3A6STZAR,HV13ERTQ,4/26/2018 14:19,4/26/2018 16:28,2
3A6STZAR,YPKJPJ64,5/1/2018 16:38,5/1/2018 16:55,1
3A6STZAR,HV13ERTQ,5/4/2018 16:07,5/4/2018 17:07,1
3A6STZAR,YPKJPJ64,5/14/2018 8:02,5/14/2018 9:08,1
3A6STZAR,VRJTYHP3,5/16/2018 0:26,5/16/2018 1:56,1
3A6STZAR,YPKJPJ64,5/31/2018 16:02,5/31/2018 17:20,2
3A6STZAR,EO9L7E83,6/6/2018 16:39,6/6/2018 17:02,1
3A6STZAR,YPKJPJ64,6/10/2018 21:59,6/10/2018 22:08,2
3A6STZAR,VRJTYHP3,6/19/2018 1:46,6/21/2018 11:55,5
3A6STZAR,YPKJPJ64,6/25/2018 21:52,6/25/2018 21:59,1
3A6STZAR,VRJTYHP3,7/6/2018 3:50,7/6/2018 5:15,1
3A6STZAR,EO9L7E83,7/16/2018 5:55,7/16/2018 9:07,5
3A6STZAR,YPKJPJ64,7/26/2018 2:00,7/26/2018 4:27,2
3A6STZAR,EO9L7E83,8/5/2018 17:25,8/5/2018 18:49,1
3A6STZAR,EO9L7E83,8/14/2018 4:42,8/14/2018 5:12,1
3A6STZAR,EO9L7E83,8/27/2018 4:14,8/27/2018 5:32,1
3A6STZAR,YPKJPJ64,8/30/2018 22:59,8/31/2018 0:01,1
3A6STZAR,VRJTYHP3,9/16/2018 7:20,9/16/2018 8:42,4
3A6STZAR,9H9P0PR3,9/19/2018 18:43,9/19/2018 18:53,1
3A6STZAR,HV13ERTQ,9/25/2018 8:11,9/25/2018 9:29,2
3A6STZAR,9H9P0PR3,10/6/2018 0:17,10/6/2018 1:43,1
3A6STZAR,YPKJPJ64,10/24/2018 13:03,10/24/2018 14:14,2
3A6STZAR,YPKJPJ64,10/30/2018 22:06,10/30/2018 23:17,1
3A6STZAR,EO9L7E83,11/10/2018 15:49,11/10/2018 16:07,1
3A6STZAR,YPKJPJ64,11/22/2018 21:37,11/22/2018 22:46,1
3A6STZAR,YPKJPJ64,12/4/2018 2:40,12/4/2018 3:51,1
3A6STZAR,EO9L7E83,12/12/2018 20:30,12/12/2018 21:38,1
3A6STZAR,EO9L7E83,12/28/2018 13:03,12/28/2018 14:17,1
3A6STZAR,VRJTYHP3,1/10/2019 2:39,1/10/2019 3:55,1
3A6STZAR,9H9P0PR3,1/23/2019 7:34,1/23/2019 9:57,4
3A6STZAR,9H9P0PR3,1/31/2019 2:59,1/31/2019 5:28,2
3A6STZAR,9H9P0PR3,2/12/2019 10:46,2/12/2019 11:07,2
3A6STZAR,9H9P0PR3,3/3/2019 22:34,3/3/2019 22:59,1
3A6STZAR,VRJTYHP3,3/13/2019 5:05,3/13/2019 19:13,4
3A6STZAR,YPKJPJ64,3/22/2019 2:14,3/22/2019 2:36,1
3A6STZAR,9H9P0PR3,4/1/2019 12:27,4/1/2019 12:44,2
3A6STZAR,HV13ERTQ,4/16/2019 15:02,4/16/2019 22:13,3
3A6STZAR,EO9L7E83,5/2/2019 17:45,5/2/2019 18:55,2
3A6STZAR,HV13ERTQ,5/8/2019 21:02,5/8/2019 21:15,1
3A6STZAR,YPKJPJ64,5/14/2019 8:28,5/16/2019 11:58,5
3A6STZAR,VRJTYHP3,5/24/2019 2:08,5/24/2019 3:25,1
3A6STZAR,VRJTYHP3,6/6/2019 10:23,6/6/2019 17:43,4
3A6STZAR,EO9L7E83,6/12/2019 3:33,6/12/2019 15:39,5
3A6STZAR,HV13ERTQ,6/22/2019 13:59,6/22/2019 15:11,1
3A6STZAR,HV13ERTQ,7/8/2019 22:55,7/8/2019 23:12,1
3A6STZAR,EO9L7E83,7/21/2019 18:27,7/21/2019 20:33,2
3A6STZAR,EO9L7E83,7/30/2019 15:56,8/2/2019 1:07,5
3A6STZAR,9H9P0PR3,8/10/2019 5:16,8/10/2019 5:38,2
3A6STZAR,9H9P0PR3,8/16/2019 17:20,8/16/2019 17:24,1
3A6STZAR,VRJTYHP3,8/28/2019 8:59,8/28/2019 10:05,1
3A6STZAR,EO9L7E83,9/11/2019 4:31,9/11/2019 5:59,1
3A6STZAR,YPKJPJ64,9/22/2019 2:04,9/22/2019 3:34,2
3A6STZAR,VRJTYHP3,10/5/2019 2:19,10/5/2019 3:39,1
3A6STZAR,EO9L7E83,10/17/2019 17:09,10/17/2019 18:26,1
3A6STZAR,YPKJPJ64,10/24/2019 8:20,10/24/2019 9:30,1
3A6STZAR,HV13ERTQ,10/28/2019 14:33,10/28/2019 14:45,1
3A6STZAR,HV13ERTQ,11/5/2019 13:06,11/5/2019 14:12,2
3A6STZAR,EO9L7E83,11/23/2019 0:50,11/23/2019 2:10,1
3A6STZAR,YPKJPJ64,12/4/2019 11:49,12/5/2019 14:11,5
3A6STZAR,HV13ERTQ,12/16/2019 1:34,12/16/2019 2:38,1
3A6STZAR,VRJTYHP3,12/29/2019 1:36,12/29/2019 2:02,1
3A6STZAR,HV13ERTQ,1/8/2020 0:27,1/8/2020 7:44,3
3A6STZAR,EO9L7E83,1/17/2020 0:43,1/17/2020 1:51,1
3A6STZAR,9H9P0PR3,1/26/2020 22:24,1/26/2020 22:39,1
3A6STZAR,HV13ERTQ,2/16/2020 4:05,2/16/2020 5:32,2
3A6STZAR,HV13ERTQ,3/1/2020 6:24,3/1/2020 8:47,3
3A6STZAR,HV13ERTQ,3/10/2020 22:53,3/11/2020 2:15,4
3A6STZAR,VRJTYHP3,3/20/2020 10:10,3/20/2020 22:32,4
3A6STZAR,EO9L7E83,4/3/2020 10:12,4/3/2020 11:17,1
3A6STZAR,YPKJPJ64,4/7/2020 20:03,4/7/2020 20:07,1
3A6STZAR,YPKJPJ64,4/26/2020 11:59,4/26/2020 14:25,2
3A6STZAR,EO9L7E83,5/2/2020 0:52,5/2/2020 15:58,4
3A6STZAR,VRJTYHP3,5/16/2020 11:02,5/16/2020 11:18,2
3A6STZAR,9H9P0PR3,5/28/2020 11:03,5/28/2020 11:33,2
3A6STZAR,EO9L7E83,6/10/2020 4:03,6/11/2020 20:33,5
3A6STZAR,EO9L7E83,6/21/2020 23:47,6/22/2020 0:02,1
3A6STZAR,EO9L7E83,7/1/2020 15:50,7/1/2020 16:52,1
3A6STZAR,VRJTYHP3,7/11/2020 21:56,7/14/2020 7:16,5
3A6STZAR,VRJTYHP3,7/31/2020 12:14,7/31/2020 13:25,1
3A6STZAR,YPKJPJ64,8/16/2020 15:48,8/16/2020 16:57,1
3A6STZAR,YPKJPJ64,8/28/2020 9:05,8/28/2020 13:29,4
3A6STZAR,YPKJPJ64,9/12/2020 11:58,9/14/2020 21:14,5
3A6STZAR,9H9P0PR3,9/24/2020 12:31,9/26/2020 23:35,5
3A6STZAR,VRJTYHP3,10/10/2020 0:44,10/10/2020 2:57,2
3A6STZAR,HV13ERTQ,10/18/2020 11:59,10/19/2020 3:21,4
3A6STZAR,9H9P0PR3,10/22/2020 0:51,10/24/2020 3:17,5
3A6STZAR,EO9L7E83,11/2/2020 3:33,11/2/2020 3:38,1
3A6STZAR,VRJTYHP3,11/23/2020 18:24,11/23/2020 18:53,1
3A6STZAR,YPKJPJ64,12/9/2020 0:42,12/9/2020 6:00,4
3A6STZAR,VRJTYHP3,12/23/2020 7:15,12/23/2020 22:43,4
3A6STZAR,9H9P0PR3,1/5/2021 15:02,1/5/2021 16:21,1
3A6STZAR,9H9P0PR3,1/17/2021 4:53,1/17/2021 6:16,1
3A6STZAR,EO9L7E83,1/23/2021 16:19,1/23/2021 16:33,1
3A6STZAR,EO9L7E83,2/5/2021 22:22,2/6/2021 6:34,4
3A6STZAR,EO9L7E83,2/9/2021 14:42,2/12/2021 8:08,5
3A6STZAR,EO9L7E83,2/19/2021 5:34,2/19/2021 5:45,2
3A6STZAR,YPKJPJ64,2/28/2021 1:43,2/28/2021 14:08,4
3A6STZAR,9H9P0PR3,3/14/2021 7:38,3/14/2021 9:06,1
3A6STZAR,9H9P0PR3,3/21/2021 13:34,3/21/2021 14:36,2
3A6STZAR,YPKJPJ64,4/7/2021 11:15,4/7/2021 12:25,1
3A6STZAR,HV13ERTQ,4/27/2021 18:09,4/27/2021 19:36,1
3A6STZAR,9H9P0PR3,5/5/2021 19:22,5/5/2021 19:52,1
3A6STZAR,9H9P0PR3,5/22/2021 12:08,5/22/2021 13:36,1
3A6STZAR,VRJTYHP3,5/26/2021 17:54,5/26/2021 18:08,2
3A6STZAR,HV13ERTQ,6/7/2021 9:58,6/7/2021 11:26,2
3A6STZAR,EO9L7E83,6/13/2021 12:16,6/14/2021 2:26,4
3A6STZAR,EO9L7E83,6/25/2021 16:00,6/26/2021 6:30,4
3A6STZAR,9H9P0PR3,7/3/2021 9:30,7/5/2021 18:57,5
3A6STZAR,EO9L7E83,7/12/2021 20:49,7/13/2021 16:57,5
3A6STZAR,9H9P0PR3,7/19/2021 6:48,7/19/2021 6:59,1
3A6STZAR,9H9P0PR3,8/6/2021 11:08,8/6/2021 11:26,1
3A6STZAR,YPKJPJ64,8/20/2021 6:21,8/20/2021 7:38,4
3A6STZAR,YPKJPJ64,8/23/2021 2:48,8/23/2021 3:55,1
3A6STZAR,HV13ERTQ,9/1/2021 15:25,9/1/2021 17:42,2
3A6STZAR,VRJTYHP3,9/12/2021 13:10,9/12/2021 21:34,4
3A6STZAR,9H9P0PR3,9/24/2021 12:32,9/24/2021 13:40,1
3A6STZAR,EO9L7E83,10/6/2021 18:57,10/6/2021 21:21,4
3A6STZAR,VRJTYHP3,10/17/2021 8:05,10/17/2021 8:09,2
3A6STZAR,YPKJPJ64,10/24/2021 8:09,10/24/2021 8:17,1
3A6STZAR,YPKJPJ64,11/2/2021 2:48,11/2/2021 4:53,2
3A6STZAR,VRJTYHP3,11/13/2021 1:46,11/13/2021 7:15,4
3A6STZAR,YPKJPJ64,11/27/2021 18:43,11/27/2021 18:54,1
3A6STZAR,YPKJPJ64,12/14/2021 13:31,12/14/2021 14:55,1
3A6STZAR,HV13ERTQ,12/21/2021 9:16,12/21/2021 10:26,1
3A6STZAR,EO9L7E83,1/4/2022 23:42,1/5/2022 0:01,1
3A6STZAR,VRJTYHP3,1/9/2022 22:01,1/9/2022 23:06,1
3A6STZAR,VRJTYHP3,1/12/2022 19:47,1/12/2022 19:56,1
3A6STZAR,VRJTYHP3,1/26/2022 7:30,1/27/2022 12:36,5
3A6STZAR,HV13ERTQ,2/8/2022 7:31,2/8/2022 14:54,3
3A6STZAR,HV13ERTQ,3/1/2022 7:29,3/1/2022 7:57,1
3A6STZAR,YPKJPJ64,3/17/2022 9:48,3/19/2022 9:55,5
3A6STZAR,EO9L7E83,3/28/2022 13:19,3/28/2022 13:19,1
3A6STZAR,9H9P0PR3,4/8/2022 14:02,4/8/2022 14:06,2
3A6STZAR,YPKJPJ64,4/18/2022 12:42,4/18/2022 14:11,2
3A6STZAR,9H9P0PR3,5/3/2022 22:56,5/4/2022 0:16,1
3A6STZAR,VRJTYHP3,5/17/2022 19:34,5/17/2022 19:51,4
3A6STZAR,9H9P0PR3,5/22/2022 8:22,5/22/2022 8:35,1
3A6STZAR,EO9L7E83,6/11/2022 10:26,6/11/2022 10:55,1
3A6STZAR,YPKJPJ64,6/27/2022 20:51,6/27/2022 21:59,1
3A6STZAR,YPKJPJ64,7/20/2022 15:41,7/21/2022 4:49,4
3A6STZAR,HV13ERTQ,8/14/2022 1:15,8/14/2022 2:15,2
3A6STZAR,VRJTYHP3,8/23/2022 15:20,8/23/2022 16:47,1
3A6STZAR,YPKJPJ64,9/7/2022 18:03,9/7/2022 18:07,1
3A6STZAR,VRJTYHP3,9/26/2022 11:53,9/26/2022 13:10,1
3A6STZAR,YPKJPJ64,10/12/2022 18:48,10/12/2022 20:15,1
3A6STZAR,YPKJPJ64,10/27/2022 3:14,10/27/2022 4:26,1
3A6STZAR,EO9L7E83,11/4/2022 7:43,11/4/2022 7:55,1
3A6STZAR,VRJTYHP3,11/20/2022 2:29,11/20/2022 2:35,2
3A6STZAR,HV13ERTQ,12/8/2022 2:31,12/8/2022 7:37,4
3A6STZAR,YPKJPJ64,12/24/2022 17:52,12/24/2022 18:11,1
3A6STZAR,VRJTYHP3,1/12/2023 9:48,1/12/2023 21:05,4
3A6STZAR,9H9P0PR3,1/24/2023 22:45,1/25/2023 0:07,5
3A6STZAR,HV13ERTQ,2/7/2023 19:33,2/7/2023 20:40,1
3A6STZAR,YPKJPJ64,2/21/2023 3:59,2/21/2023 4:12,1
3A6STZAR,VRJTYHP3,3/7/2023 3:17,3/7/2023 4:44,1
3A6STZAR,EO9L7E83,4/4/2023 10:53,4/4/2023 11:09,2
3A6STZAR,EO9L7E83,4/25/2023 16:29,4/25/2023 16:47,1
3A6STZAR,VRJTYHP3,5/7/2023 23:59,5/8/2023 0:23,1
3A6STZAR,HV13ERTQ,5/16/2023 5:03,5/16/2023 6:12,2
3A6STZAR,VRJTYHP3,6/7/2023 10:26,6/7/2023 11:47,1
3A6STZAR,EO9L7E83,6/22/2023 6:23,6/22/2023 7:36,1
3A6STZAR,YPKJPJ64,7/7/2023 17:11,7/7/2023 17:29,1
3A6STZAR,HV13ERTQ,7/26/2023 10:33,7/26/2023 12:37,2
3A6STZAR,HV13ERTQ,8/7/2023 19:46,8/7/2023 22:03,3
3A6STZAR,HV13ERTQ,8/28/2023 18:26,8/28/2023 18:29,1
3A6STZAR,9H9P0PR3,9/7/2023 0:09,9/7/2023 1:29,1
3A6STZAR,9H9P0PR3,10/5/2023 3:23,10/5/2023 9:48,4
3A6STZAR,9H9P0PR3,10/16/2023 15:25,10/16/2023 18:55,5
3A6STZAR,HV13ERTQ,11/9/2023 11:14,11/9/2023 16:38,3
3A6STZAR,HV13ERTQ,11/30/2023 16:06,11/30/2023 16:28,1
3A6STZAR,EO9L7E83,12/14/2023 22:24,12/14/2023 22:45,2
3A6STZAR,HV13ERTQ,1/6/2024 10:51,1/6/2024 12:02,1
3A6STZAR,YPKJPJ64,1/27/2024 11:27,1/27/2024 13:52,4
TS5TPP35,82KVLAFW,1/13/2020 19:25,1/14/2020 6:52,4
TS5TPP35,R6SZD3QY,1/23/2020 11:47,1/23/2020 14:11,2
TS5TPP35,RGOKKJ6S,2/3/2020 7:20,2/3/2020 7:25,1
TS5TPP35,R6SZD3QY,2/10/2020 19:57,2/10/2020 19:59,1
TS5TPP35,R6SZD3QY,2/23/2020 22:28,2/25/2020 5:39,5
TS5TPP35,R6SZD3QY,3/7/2020 15:59,3/7/2020 17:22,1
TS5TPP35,RGOKKJ6S,3/8/2020 19:27,3/8/2020 19:47,1
TS5TPP35,R6SZD3QY,3/25/2020 6:05,3/25/2020 8:08,2
TS5TPP35,7Z5ROGB9,4/3/2020 5:53,4/3/2020 7:21,2
TS5TPP35,RGOKKJ6S,4/15/2020 19:44,4/15/2020 21:14,1
TS5TPP35,RGOKKJ6S,4/22/2020 4:34,4/22/2020 11:51,4
TS5TPP35,L9AP1ONT,5/5/2020 21:00,5/5/2020 21:00,1
TS5TPP35,RGOKKJ6S,5/30/2020 3:40,5/30/2020 5:02,1
TS5TPP35,L9AP1ONT,6/6/2020 5:33,6/6/2020 5:57,1
TS5TPP35,R6SZD3QY,6/16/2020 0:47,6/16/2020 1:54,2
TS5TPP35,7Z5ROGB9,6/27/2020 5:44,6/27/2020 7:09,1
TS5TPP35,L9AP1ONT,7/12/2020 20:39,7/13/2020 8:55,4
TS5TPP35,R6SZD3QY,7/20/2020 23:17,7/20/2020 23:34,1
TS5TPP35,82KVLAFW,7/29/2020 4:46,7/29/2020 5:13,1
TS5TPP35,L9AP1ONT,8/6/2020 2:38,8/6/2020 4:53,2
TS5TPP35,L9AP1ONT,8/15/2020 14:52,8/15/2020 16:19,1
TS5TPP35,RGOKKJ6S,8/22/2020 10:15,8/25/2020 9:43,5
TS5TPP35,L9AP1ONT,9/1/2020 22:57,9/1/2020 22:57,1
TS5TPP35,82KVLAFW,10/6/2020 21:11,10/7/2020 16:21,5
TS5TPP35,RGOKKJ6S,10/20/2020 5:47,10/20/2020 7:15,1
TS5TPP35,R6SZD3QY,10/26/2020 22:07,10/26/2020 23:21,1
TS5TPP35,L9AP1ONT,11/14/2020 15:05,11/14/2020 17:18,2
TS5TPP35,RGOKKJ6S,11/25/2020 0:25,11/25/2020 1:29,2
TS5TPP35,RGOKKJ6S,12/3/2020 22:56,12/4/2020 0:24,1
TS5TPP35,82KVLAFW,12/11/2020 2:55,12/11/2020 2:55,1
TS5TPP35,7Z5ROGB9,1/8/2021 22:08,1/10/2021 18:16,5
TS5TPP35,L9AP1ONT,1/28/2021 0:24,1/28/2021 10:35,4
TS5TPP35,7Z5ROGB9,2/8/2021 9:00,2/8/2021 17:30,4
TS5TPP35,82KVLAFW,2/19/2021 15:33,2/19/2021 15:51,1
TS5TPP35,R6SZD3QY,3/7/2021 18:51,3/7/2021 18:55,1
TS5TPP35,L9AP1ONT,3/16/2021 11:31,3/17/2021 20:34,5
TS5TPP35,L9AP1ONT,3/24/2021 23:33,3/25/2021 0:02,1
TS5TPP35,82KVLAFW,4/2/2021 1:42,4/2/2021 1:56,1
TS5TPP35,82KVLAFW,4/8/2021 17:25,4/8/2021 18:38,2
TS5TPP35,L9AP1ONT,4/20/2021 14:02,4/20/2021 14:17,1
TS5TPP35,82KVLAFW,4/29/2021 6:55,4/29/2021 8:21,1
TS5TPP35,7Z5ROGB9,5/8/2021 11:45,5/8/2021 11:47,1
TS5TPP35,RGOKKJ6S,5/21/2021 1:59,5/21/2021 2:24,1
TS5TPP35,RGOKKJ6S,6/3/2021 11:03,6/3/2021 13:10,2
TS5TPP35,L9AP1ONT,6/17/2021 11:39,6/17/2021 17:43,4
TS5TPP35,82KVLAFW,7/6/2021 16:11,7/6/2021 16:26,1
TS5TPP35,RGOKKJ6S,7/21/2021 1:54,7/21/2021 3:00,4
TS5TPP35,82KVLAFW,7/28/2021 20:15,7/31/2021 3:27,5
TS5TPP35,82KVLAFW,8/13/2021 12:20,8/13/2021 12:24,1
TS5TPP35,R6SZD3QY,8/27/2021 5:07,8/27/2021 5:20,1
TS5TPP35,RGOKKJ6S,9/11/2021 8:51,9/11/2021 10:20,1
TS5TPP35,L9AP1ONT,9/24/2021 6:00,9/24/2021 6:02,1
TS5TPP35,7Z5ROGB9,10/8/2021 17:50,10/8/2021 18:57,1
TS5TPP35,82KVLAFW,10/22/2021 20:30,10/22/2021 22:34,2
TS5TPP35,7Z5ROGB9,11/1/2021 20:35,11/1/2021 20:57,1
TS5TPP35,RGOKKJ6S,11/4/2021 10:01,11/4/2021 12:10,2
TS5TPP35,82KVLAFW,11/17/2021 12:54,11/18/2021 9:12,5
TS5TPP35,82KVLAFW,11/18/2021 15:21,11/19/2021 0:43,4
TS5TPP35,L9AP1ONT,12/1/2021 13:54,12/2/2021 5:23,4
TS5TPP35,7Z5ROGB9,12/18/2021 7:20,12/18/2021 8:49,1
TS5TPP35,R6SZD3QY,1/3/2022 10:34,1/3/2022 11:47,1
TS5TPP35,RGOKKJ6S,1/18/2022 20:28,1/18/2022 20:42,1
TS5TPP35,82KVLAFW,2/2/2022 17:51,2/2/2022 19:16,1
TS5TPP35,7Z5ROGB9,2/16/2022 2:19,2/16/2022 2:19,1
TS5TPP35,82KVLAFW,3/3/2022 14:12,3/3/2022 15:28,2
TS5TPP35,L9AP1ONT,3/18/2022 18:16,3/18/2022 19:17,1
TS5TPP35,RGOKKJ6S,4/4/2022 21:16,4/4/2022 22:19,1
TS5TPP35,RGOKKJ6S,4/7/2022 16:03,4/7/2022 18:07,2
TS5TPP35,R6SZD3QY,4/22/2022 14:20,4/22/2022 18:25,4
TS5TPP35,R6SZD3QY,5/2/2022 3:03,5/2/2022 3:30,2
TS5TPP35,7Z5ROGB9,5/22/2022 15:22,5/22/2022 16:37,1
TS5TPP35,R6SZD3QY,6/10/2022 8:40,6/12/2022 15:05,5
TS5TPP35,RGOKKJ6S,6/26/2022 1:27,6/26/2022 2:51,1
TS5TPP35,L9AP1ONT,7/11/2022 13:53,7/11/2022 13:58,3
TS5TPP35,7Z5ROGB9,7/27/2022 17:01,7/27/2022 18:10,1
TS5TPP35,RGOKKJ6S,8/12/2022 18:24,8/12/2022 18:37,1
TS5TPP35,RGOKKJ6S,9/6/2022 23:03,9/8/2022 17:24,5
TS5TPP35,RGOKKJ6S,9/19/2022 11:22,9/19/2022 16:33,5
TS5TPP35,R6SZD3QY,10/8/2022 19:06,10/8/2022 19:06,1
TS5TPP35,RGOKKJ6S,10/24/2022 7:07,10/24/2022 8:16,1
TS5TPP35,L9AP1ONT,10/30/2022 23:40,10/31/2022 1:04,1
TS5TPP35,RGOKKJ6S,11/20/2022 1:11,11/20/2022 16:13,5
TS5TPP35,82KVLAFW,12/10/2022 16:04,12/10/2022 21:14,4
TS5TPP35,L9AP1ONT,12/15/2022 11:48,12/15/2022 12:58,1
TS5TPP35,RGOKKJ6S,12/28/2022 9:30,12/28/2022 12:40,4
TS5TPP35,L9AP1ONT,1/26/2023 16:04,1/26/2023 17:31,1
TS5TPP35,7Z5ROGB9,2/8/2023 18:20,2/9/2023 2:43,4
TS5TPP35,RGOKKJ6S,2/23/2023 12:47,2/23/2023 12:47,1
TS5TPP35,82KVLAFW,3/11/2023 2:32,3/11/2023 7:49,4
TS5TPP35,R6SZD3QY,3/18/2023 15:57,3/18/2023 17:06,1
TS5TPP35,82KVLAFW,3/27/2023 14:44,3/27/2023 14:56,1
TS5TPP35,L9AP1ONT,4/15/2023 15:23,4/15/2023 16:35,1
TS5TPP35,7Z5ROGB9,5/1/2023 20:05,5/1/2023 21:14,1
TS5TPP35,82KVLAFW,5/14/2023 8:12,5/14/2023 10:28,2
TS5TPP35,82KVLAFW,6/1/2023 19:57,6/1/2023 21:21,2
TS5TPP35,82KVLAFW,6/27/2023 21:08,6/28/2023 6:11,4
TS5TPP35,RGOKKJ6S,7/12/2023 12:08,7/12/2023 21:31,4
TS5TPP35,7Z5ROGB9,7/22/2023 4:48,7/22/2023 5:17,1
TS5TPP35,L9AP1ONT,8/1/2023 13:55,8/1/2023 14:25,3
TS5TPP35,L9AP1ONT,8/11/2023 5:13,8/11/2023 5:26,1
TS5TPP35,82KVLAFW,8/28/2023 11:43,8/28/2023 11:50,1
TS5TPP35,7Z5ROGB9,9/15/2023 0:34,9/15/2023 14:48,4
TS5TPP35,7Z5ROGB9,9/29/2023 7:47,9/29/2023 18:08,4
TS5TPP35,RGOKKJ6S,10/6/2023 14:14,10/6/2023 15:14,1
TS5TPP35,RGOKKJ6S,10/13/2023 14:19,10/13/2023 15:24,1
TS5TPP35,82KVLAFW,10/26/2023 1:27,10/26/2023 1:33,1
TS5TPP35,L9AP1ONT,11/4/2023 11:04,11/4/2023 15:32,3
TS5TPP35,82KVLAFW,11/24/2023 3:25,11/24/2023 4:54,1
TS5TPP35,82KVLAFW,12/16/2023 7:01,12/16/2023 8:24,1
TS5TPP35,82KVLAFW,12/31/2023 11:01,1/1/2024 19:11,5
TS5TPP35,82KVLAFW,1/18/2024 14:46,1/18/2024 15:09,1
HLU6OU9B,0VI3M40O,8/17/2017 7:35,8/17/2017 9:53,3
HLU6OU9B,1TQOCBPQ,8/28/2017 18:02,8/28/2017 19:27,1
HLU6OU9B,1TQOCBPQ,9/12/2017 11:40,9/12/2017 12:40,1
HLU6OU9B,6WGRALBJ,9/25/2017 0:09,9/25/2017 0:12,2
HLU6OU9B,6WGRALBJ,10/11/2017 12:43,10/11/2017 19:46,4
HLU6OU9B,F3SFFHKF,10/21/2017 13:45,10/21/2017 13:52,2
HLU6OU9B,0VI3M40O,10/25/2017 15:55,10/25/2017 17:13,1
HLU6OU9B,F3SFFHKF,11/8/2017 1:54,11/8/2017 2:11,1
HLU6OU9B,CXPW7U41,11/19/2017 5:04,11/19/2017 10:17,4
HLU6OU9B,1TQOCBPQ,11/30/2017 13:51,11/30/2017 14:10,4
HLU6OU9B,0VI3M40O,12/7/2017 9:45,12/7/2017 10:03,1
HLU6OU9B,1TQOCBPQ,12/16/2017 3:13,12/16/2017 3:43,1
HLU6OU9B,F3SFFHKF,12/27/2017 7:09,12/27/2017 8:13,1
HLU6OU9B,1TQOCBPQ,12/30/2017 3:59,12/30/2017 3:59,1
HLU6OU9B,CXPW7U41,1/9/2018 3:50,1/9/2018 4:16,2
HLU6OU9B,0VI3M40O,1/19/2018 14:56,1/19/2018 17:02,2
HLU6OU9B,CXPW7U41,1/30/2018 0:18,1/30/2018 0:20,1
HLU6OU9B,F3SFFHKF,2/9/2018 18:07,2/9/2018 19:09,1
HLU6OU9B,6WGRALBJ,2/23/2018 13:08,2/23/2018 14:11,1
HLU6OU9B,6WGRALBJ,3/13/2018 9:18,3/13/2018 9:33,1
HLU6OU9B,0VI3M40O,3/27/2018 4:08,3/27/2018 4:36,2
HLU6OU9B,F3SFFHKF,4/6/2018 2:07,4/7/2018 12:17,5
HLU6OU9B,F3SFFHKF,4/22/2018 16:15,4/22/2018 17:41,2
HLU6OU9B,F3SFFHKF,4/30/2018 14:01,5/1/2018 16:31,5
HLU6OU9B,0VI3M40O,5/25/2018 5:41,5/25/2018 7:46,2
HLU6OU9B,0VI3M40O,6/8/2018 16:48,6/8/2018 18:54,2
HLU6OU9B,1TQOCBPQ,6/25/2018 9:49,6/25/2018 11:06,2
HLU6OU9B,6WGRALBJ,7/13/2018 0:01,7/13/2018 13:18,4
HLU6OU9B,CXPW7U41,7/20/2018 23:31,7/20/2018 23:37,1
HLU6OU9B,6WGRALBJ,7/30/2018 11:38,7/30/2018 13:53,2
HLU6OU9B,F3SFFHKF,8/26/2018 10:01,8/26/2018 11:22,1
HLU6OU9B,0VI3M40O,9/7/2018 3:35,9/7/2018 6:38,4
HLU6OU9B,6WGRALBJ,9/18/2018 1:33,9/18/2018 2:55,1
HLU6OU9B,F3SFFHKF,9/23/2018 1:40,9/23/2018 1:56,2
HLU6OU9B,6WGRALBJ,10/7/2018 0:00,10/7/2018 2:23,2
HLU6OU9B,F3SFFHKF,10/12/2018 11:56,10/12/2018 12:18,1
HLU6OU9B,CXPW7U41,10/25/2018 1:03,10/25/2018 1:07,1
HLU6OU9B,6WGRALBJ,11/4/2018 4:12,11/5/2018 4:36,5
HLU6OU9B,6WGRALBJ,11/6/2018 7:53,11/6/2018 8:56,1
HLU6OU9B,0VI3M40O,11/12/2018 22:58,11/12/2018 22:59,1
HLU6OU9B,1TQOCBPQ,11/20/2018 9:53,11/21/2018 20:00,5
HLU6OU9B,1TQOCBPQ,12/6/2018 13:00,12/6/2018 13:24,1
HLU6OU9B,CXPW7U41,12/16/2018 17:49,12/17/2018 5:58,4
HLU6OU9B,6WGRALBJ,1/3/2019 16:01,1/4/2019 3:17,4
HLU6OU9B,1TQOCBPQ,1/23/2019 6:53,1/25/2019 0:21,5
HLU6OU9B,0VI3M40O,2/1/2019 16:09,2/1/2019 16:15,1
HLU6OU9B,6WGRALBJ,2/8/2019 13:28,2/8/2019 19:36,4
HLU6OU9B,6WGRALBJ,2/25/2019 18:11,2/26/2019 10:14,4
HLU6OU9B,CXPW7U41,3/5/2019 3:49,3/5/2019 5:10,1
HLU6OU9B,0VI3M40O,3/15/2019 9:38,3/15/2019 10:06,2
HLU6OU9B,CXPW7U41,4/2/2019 1:53,4/2/2019 1:56,1
HLU6OU9B,6WGRALBJ,4/14/2019 7:10,4/14/2019 17:29,4
HLU6OU9B,6WGRALBJ,4/26/2019 21:22,4/29/2019 7:24,5
HLU6OU9B,6WGRALBJ,5/6/2019 8:35,5/6/2019 9:53,1
HLU6OU9B,1TQOCBPQ,5/21/2019 8:33,5/21/2019 8:59,2
HLU6OU9B,0VI3M40O,6/3/2019 2:56,6/3/2019 3:56,1
HLU6OU9B,CXPW7U41,6/20/2019 10:25,6/20/2019 12:35,2
HLU6OU9B,F3SFFHKF,6/27/2019 2:21,6/27/2019 3:23,1
HLU6OU9B,CXPW7U41,7/8/2019 4:08,7/8/2019 4:17,1
HLU6OU9B,F3SFFHKF,7/17/2019 5:00,7/17/2019 5:07,1
HLU6OU9B,0VI3M40O,7/28/2019 19:20,7/28/2019 20:47,1
HLU6OU9B,0VI3M40O,8/6/2019 8:21,8/6/2019 10:41,2
HLU6OU9B,CXPW7U41,8/14/2019 23:03,8/14/2019 23:14,1
HLU6OU9B,CXPW7U41,8/26/2019 17:07,8/26/2019 19:28,2
HLU6OU9B,0VI3M40O,9/5/2019 23:05,9/5/2019 23:06,2
HLU6OU9B,CXPW7U41,9/17/2019 2:44,9/17/2019 2:45,2
HLU6OU9B,1TQOCBPQ,9/27/2019 8:24,9/27/2019 9:53,1
HLU6OU9B,F3SFFHKF,10/11/2019 9:23,10/11/2019 10:25,1
HLU6OU9B,CXPW7U41,10/21/2019 1:21,10/21/2019 1:26,1
HLU6OU9B,6WGRALBJ,10/28/2019 17:50,10/28/2019 18:07,1
HLU6OU9B,F3SFFHKF,11/6/2019 3:19,11/6/2019 13:33,4
HLU6OU9B,0VI3M40O,11/22/2019 0:54,11/22/2019 1:16,1
HLU6OU9B,CXPW7U41,12/3/2019 15:09,12/3/2019 15:18,1
HLU6OU9B,1TQOCBPQ,12/19/2019 3:22,12/20/2019 19:26,5
HLU6OU9B,CXPW7U41,12/27/2019 10:42,12/27/2019 10:57,1
HLU6OU9B,1TQOCBPQ,1/13/2020 20:05,1/13/2020 20:19,2
HLU6OU9B,6WGRALBJ,1/22/2020 16:35,1/22/2020 16:57,1
HLU6OU9B,6WGRALBJ,2/3/2020 13:53,2/3/2020 16:06,2
HLU6OU9B,1TQOCBPQ,2/11/2020 0:06,2/11/2020 0:34,1
HLU6OU9B,1TQOCBPQ,2/18/2020 5:31,2/18/2020 6:36,1
HLU6OU9B,F3SFFHKF,3/2/2020 12:42,3/2/2020 12:55,1
HLU6OU9B,F3SFFHKF,3/13/2020 17:24,3/13/2020 18:39,1
HLU6OU9B,0VI3M40O,3/24/2020 4:05,3/24/2020 11:15,3
HLU6OU9B,6WGRALBJ,4/2/2020 14:48,4/3/2020 3:53,5
HLU6OU9B,6WGRALBJ,4/7/2020 22:38,4/7/2020 23:48,2
HLU6OU9B,6WGRALBJ,4/26/2020 10:52,4/26/2020 13:12,2
HLU6OU9B,1TQOCBPQ,5/14/2020 13:15,5/14/2020 13:15,1
HLU6OU9B,0VI3M40O,5/24/2020 4:23,5/24/2020 5:40,1
HLU6OU9B,F3SFFHKF,6/3/2020 2:02,6/3/2020 2:07,1
HLU6OU9B,1TQOCBPQ,6/17/2020 12:19,6/17/2020 12:46,2
HLU6OU9B,1TQOCBPQ,7/1/2020 15:42,7/2/2020 2:02,4
HLU6OU9B,6WGRALBJ,7/14/2020 19:06,7/14/2020 19:14,2
HLU6OU9B,CXPW7U41,7/24/2020 17:43,7/25/2020 9:13,4
HLU6OU9B,0VI3M40O,8/3/2020 19:33,8/4/2020 12:00,4
HLU6OU9B,F3SFFHKF,8/14/2020 5:51,8/14/2020 6:04,1
HLU6OU9B,0VI3M40O,8/22/2020 5:05,8/22/2020 7:14,2
HLU6OU9B,CXPW7U41,9/2/2020 11:39,9/2/2020 11:57,1
HLU6OU9B,1TQOCBPQ,9/12/2020 3:47,9/12/2020 5:00,1
HLU6OU9B,0VI3M40O,9/24/2020 5:55,9/24/2020 6:13,1
HLU6OU9B,F3SFFHKF,10/6/2020 1:10,10/6/2020 1:33,2
HLU6OU9B,CXPW7U41,10/26/2020 19:47,10/26/2020 20:04,2
HLU6OU9B,1TQOCBPQ,11/4/2020 6:25,11/4/2020 8:30,2
HLU6OU9B,0VI3M40O,11/17/2020 11:52,11/17/2020 13:57,2
HLU6OU9B,F3SFFHKF,12/4/2020 5:49,12/4/2020 7:19,2
HLU6OU9B,6WGRALBJ,12/17/2020 4:01,12/17/2020 4:23,2
HLU6OU9B,F3SFFHKF,12/24/2020 0:11,12/26/2020 17:17,5
HLU6OU9B,CXPW7U41,1/5/2021 21:10,1/5/2021 22:23,1
HLU6OU9B,CXPW7U41,1/17/2021 4:49,1/17/2021 4:57,1
HLU6OU9B,6WGRALBJ,1/20/2021 9:11,1/20/2021 9:26,1
HLU6OU9B,6WGRALBJ,1/28/2021 12:45,1/28/2021 14:49,5
HLU6OU9B,F3SFFHKF,2/7/2021 23:18,2/8/2021 4:18,4
HLU6OU9B,CXPW7U41,2/27/2021 1:09,2/27/2021 1:11,1
HLU6OU9B,CXPW7U41,3/12/2021 3:48,3/12/2021 5:08,1
HLU6OU9B,F3SFFHKF,3/27/2021 1:27,3/27/2021 2:30,2
HLU6OU9B,CXPW7U41,4/8/2021 14:37,4/8/2021 15:39,1
HLU6OU9B,6WGRALBJ,4/18/2021 15:27,4/18/2021 15:37,2
HLU6OU9B,6WGRALBJ,5/1/2021 17:11,5/1/2021 17:40,1
HLU6OU9B,0VI3M40O,5/11/2021 0:24,5/11/2021 0:47,2
HLU6OU9B,F3SFFHKF,5/28/2021 16:43,5/31/2021 5:50,5
HLU6OU9B,6WGRALBJ,6/16/2021 4:22,6/16/2021 5:44,1
HLU6OU9B,F3SFFHKF,6/29/2021 8:25,6/29/2021 11:55,4
HLU6OU9B,CXPW7U41,7/10/2021 2:28,7/10/2021 3:30,1
HLU6OU9B,6WGRALBJ,7/17/2021 22:00,7/19/2021 16:04,5
HLU6OU9B,6WGRALBJ,7/28/2021 19:56,7/28/2021 21:08,1
HLU6OU9B,CXPW7U41,8/9/2021 1:20,8/9/2021 3:47,2
HLU6OU9B,1TQOCBPQ,8/22/2021 23:58,8/23/2021 8:10,5
HLU6OU9B,0VI3M40O,9/5/2021 7:09,9/5/2021 7:20,2
HLU6OU9B,CXPW7U41,9/21/2021 12:43,9/22/2021 8:51,5
HLU6OU9B,1TQOCBPQ,10/4/2021 4:00,10/4/2021 4:17,1
HLU6OU9B,6WGRALBJ,10/13/2021 8:31,10/13/2021 9:43,1
HLU6OU9B,CXPW7U41,11/3/2021 2:42,11/3/2021 4:02,2
HLU6OU9B,F3SFFHKF,11/16/2021 20:37,11/16/2021 20:41,1
HLU6OU9B,6WGRALBJ,11/22/2021 20:09,11/22/2021 20:25,2
HLU6OU9B,CXPW7U41,12/5/2021 1:55,12/5/2021 2:59,1
HLU6OU9B,F3SFFHKF,12/24/2021 1:02,12/25/2021 1:04,5
HLU6OU9B,6WGRALBJ,1/7/2022 12:35,1/7/2022 13:58,1
HLU6OU9B,CXPW7U41,1/20/2022 8:13,1/20/2022 8:14,1
HLU6OU9B,CXPW7U41,1/27/2022 7:13,1/27/2022 7:42,1
HLU6OU9B,6WGRALBJ,2/3/2022 9:59,2/3/2022 10:29,1
HLU6OU9B,0VI3M40O,2/19/2022 15:57,2/19/2022 16:23,2
HLU6OU9B,0VI3M40O,3/3/2022 19:07,3/3/2022 23:25,3
HLU6OU9B,6WGRALBJ,3/26/2022 4:22,3/26/2022 4:41,1
HLU6OU9B,CXPW7U41,4/8/2022 15:35,4/8/2022 16:37,1
HLU6OU9B,0VI3M40O,4/18/2022 16:17,4/18/2022 16:20,1
HLU6OU9B,1TQOCBPQ,4/28/2022 23:18,4/29/2022 0:40,1
HLU6OU9B,CXPW7U41,5/9/2022 0:40,5/9/2022 2:59,5
HLU6OU9B,6WGRALBJ,5/21/2022 23:10,5/21/2022 23:34,2
HLU6OU9B,CXPW7U41,6/3/2022 23:52,6/4/2022 23:05,5
HLU6OU9B,6WGRALBJ,6/9/2022 23:27,6/10/2022 0:29,1
HLU6OU9B,CXPW7U41,6/24/2022 0:20,6/24/2022 0:24,1
HLU6OU9B,CXPW7U41,7/3/2022 18:33,7/4/2022 7:50,4
HLU6OU9B,1TQOCBPQ,7/12/2022 5:38,7/12/2022 7:07,2
HLU6OU9B,F3SFFHKF,7/27/2022 4:16,7/27/2022 5:28,1
HLU6OU9B,0VI3M40O,8/4/2022 13:28,8/4/2022 13:43,1
HLU6OU9B,F3SFFHKF,8/13/2022 0:34,8/13/2022 0:45,4
HLU6OU9B,6WGRALBJ,8/22/2022 15:01,8/22/2022 15:10,1
HLU6OU9B,6WGRALBJ,9/19/2022 16:11,9/20/2022 12:29,5
HLU6OU9B,F3SFFHKF,9/29/2022 0:42,9/29/2022 17:08,4
HLU6OU9B,6WGRALBJ,10/10/2022 14:58,10/10/2022 16:00,5
HLU6OU9B,0VI3M40O,10/21/2022 3:28,10/21/2022 3:42,2
HLU6OU9B,CXPW7U41,11/14/2022 9:39,11/14/2022 12:04,2
HLU6OU9B,CXPW7U41,12/6/2022 14:58,12/6/2022 15:18,1
HLU6OU9B,1TQOCBPQ,12/27/2022 23:26,12/27/2022 23:28,1
HLU6OU9B,F3SFFHKF,1/12/2023 13:26,1/12/2023 14:37,1
HLU6OU9B,CXPW7U41,1/29/2023 7:15,1/29/2023 8:30,1
HLU6OU9B,6WGRALBJ,2/8/2023 4:57,2/8/2023 15:06,4
HLU6OU9B,1TQOCBPQ,2/25/2023 22:29,2/25/2023 22:33,1
HLU6OU9B,1TQOCBPQ,3/11/2023 7:48,3/12/2023 17:54,5
HLU6OU9B,0VI3M40O,3/31/2023 8:46,3/31/2023 10:06,3
HLU6OU9B,0VI3M40O,4/22/2023 10:52,4/22/2023 11:55,4
HLU6OU9B,0VI3M40O,4/30/2023 22:55,5/1/2023 1:20,2
HLU6OU9B,6WGRALBJ,5/16/2023 9:43,5/16/2023 9:54,1
HLU6OU9B,0VI3M40O,6/6/2023 12:02,6/6/2023 12:18,1
HLU6OU9B,1TQOCBPQ,6/30/2023 17:47,7/1/2023 5:51,4
HLU6OU9B,6WGRALBJ,7/14/2023 17:20,7/14/2023 18:48,1
HLU6OU9B,CXPW7U41,7/27/2023 19:13,7/27/2023 20:22,1
HLU6OU9B,F3SFFHKF,8/7/2023 3:07,8/7/2023 3:33,2
HLU6OU9B,F3SFFHKF,8/18/2023 14:57,8/18/2023 16:19,1
HLU6OU9B,1TQOCBPQ,9/4/2023 22:42,9/4/2023 22:45,1
HLU6OU9B,0VI3M40O,9/13/2023 15:20,9/13/2023 22:42,3
HLU6OU9B,F3SFFHKF,9/28/2023 4:39,9/28/2023 5:51,1
HLU6OU9B,CXPW7U41,10/16/2023 5:19,10/16/2023 5:42,1
HLU6OU9B,CXPW7U41,10/23/2023 21:40,10/24/2023 2:06,4
HLU6OU9B,F3SFFHKF,11/13/2023 15:02,11/13/2023 17:10,2
HLU6OU9B,0VI3M40O,11/27/2023 4:16,11/27/2023 4:17,1
HLU6OU9B,6WGRALBJ,12/1/2023 12:52,12/2/2023 19:59,5
HLU6OU9B,CXPW7U41,12/30/2023 2:42,12/30/2023 9:03,4
HLU6OU9B,1TQOCBPQ,1/22/2024 19:07,1/22/2024 19:16,1
OKU9UWCY,BND1SM0R,11/3/2021 23:22,11/4/2021 0:36,1
OKU9UWCY,RVHGQS0A,11/12/2021 8:48,11/12/2021 9:54,4
OKU9UWCY,JLJD917Y,11/21/2021 7:33,11/22/2021 12:56,5
OKU9UWCY,BND1SM0R,12/7/2021 20:30,12/7/2021 20:36,1
OKU9UWCY,JLJD917Y,12/22/2021 22:19,12/22/2021 23:38,2
OKU9UWCY,JLJD917Y,12/29/2021 11:40,12/29/2021 12:03,1
OKU9UWCY,BND1SM0R,1/6/2022 3:11,1/6/2022 8:15,5
OKU9UWCY,80X48YE4,1/24/2022 16:47,1/24/2022 17:15,1
OKU9UWCY,RVHGQS0A,2/4/2022 18:11,2/4/2022 19:32,1
OKU9UWCY,RVHGQS0A,2/14/2022 8:22,2/14/2022 15:51,3
OKU9UWCY,ICV9TAHZ,2/28/2022 16:01,2/28/2022 16:05,1
OKU9UWCY,80X48YE4,3/16/2022 9:28,3/16/2022 10:46,1
OKU9UWCY,ICV9TAHZ,3/27/2022 8:24,3/27/2022 8:28,1
OKU9UWCY,RVHGQS0A,4/3/2022 22:57,4/3/2022 23:57,1
OKU9UWCY,ICV9TAHZ,4/26/2022 5:56,4/26/2022 6:25,1
OKU9UWCY,JLJD917Y,5/7/2022 15:01,5/7/2022 15:26,1
OKU9UWCY,80X48YE4,5/21/2022 2:46,5/21/2022 4:56,2
OKU9UWCY,ICV9TAHZ,5/26/2022 3:46,5/26/2022 4:49,2
OKU9UWCY,80X48YE4,6/14/2022 22:07,6/14/2022 23:07,1
OKU9UWCY,80X48YE4,6/28/2022 11:47,6/28/2022 18:01,4
OKU9UWCY,RVHGQS0A,7/30/2022 16:38,7/30/2022 17:08,2
OKU9UWCY,BND1SM0R,8/14/2022 1:00,8/14/2022 2:02,1
OKU9UWCY,ICV9TAHZ,8/21/2022 11:39,8/21/2022 12:46,1
OKU9UWCY,RVHGQS0A,9/2/2022 0:06,9/2/2022 1:18,1
OKU9UWCY,ICV9TAHZ,9/13/2022 16:08,9/13/2022 18:21,2
OKU9UWCY,JLJD917Y,9/23/2022 4:23,9/23/2022 5:53,1
OKU9UWCY,RVHGQS0A,9/27/2022 8:47,9/27/2022 9:53,1
OKU9UWCY,BND1SM0R,11/4/2022 18:49,11/4/2022 18:49,2
OKU9UWCY,RVHGQS0A,11/23/2022 20:58,11/24/2022 5:00,3
OKU9UWCY,ICV9TAHZ,12/11/2022 3:19,12/11/2022 4:40,1
OKU9UWCY,ICV9TAHZ,12/26/2022 19:13,12/26/2022 19:41,1
OKU9UWCY,80X48YE4,1/7/2023 17:35,1/8/2023 11:02,5
OKU9UWCY,80X48YE4,1/31/2023 20:10,2/1/2023 1:11,4
OKU9UWCY,ICV9TAHZ,2/21/2023 22:58,2/22/2023 8:26,5
OKU9UWCY,80X48YE4,3/17/2023 12:19,3/17/2023 12:34,1
OKU9UWCY,JLJD917Y,4/7/2023 0:57,4/7/2023 2:16,2
OKU9UWCY,JLJD917Y,4/19/2023 23:04,4/20/2023 1:28,2
OKU9UWCY,BND1SM0R,5/13/2023 8:51,5/13/2023 9:20,1
OKU9UWCY,BND1SM0R,6/2/2023 21:30,6/3/2023 13:32,4
OKU9UWCY,JLJD917Y,6/18/2023 0:08,6/18/2023 0:15,1
OKU9UWCY,ICV9TAHZ,7/13/2023 17:19,7/14/2023 7:49,4
OKU9UWCY,ICV9TAHZ,7/27/2023 11:54,7/27/2023 13:13,1
OKU9UWCY,ICV9TAHZ,8/19/2023 10:10,8/19/2023 10:19,1
OKU9UWCY,RVHGQS0A,9/16/2023 3:34,9/16/2023 4:04,1
OKU9UWCY,ICV9TAHZ,9/28/2023 7:13,9/28/2023 19:25,4
OKU9UWCY,JLJD917Y,10/5/2023 7:03,10/5/2023 18:19,5
OKU9UWCY,80X48YE4,10/21/2023 22:44,10/21/2023 23:47,2
OKU9UWCY,RVHGQS0A,10/29/2023 16:08,10/30/2023 2:10,4
OKU9UWCY,RVHGQS0A,11/16/2023 9:16,11/16/2023 9:29,1
OKU9UWCY,BND1SM0R,12/8/2023 22:16,12/8/2023 23:37,1
OKU9UWCY,BND1SM0R,12/23/2023 22:29,12/23/2023 22:43,1
OKU9UWCY,RVHGQS0A,1/1/2024 14:32,1/1/2024 14:32,2
OKU9UWCY,RVHGQS0A,1/25/2024 19:35,1/25/2024 20:49,2
LYRHF3HX,D8A010Q2,12/1/2020 9:20,12/1/2020 9:50,1
LYRHF3HX,SUUJKE5A,12/8/2020 17:04,12/8/2020 17:07,1
LYRHF3HX,SUUJKE5A,12/14/2020 15:21,12/15/2020 9:41,5
LYRHF3HX,JYCJ5QGH,12/31/2020 13:52,12/31/2020 14:59,1
LYRHF3HX,SUUJKE5A,1/5/2021 20:41,1/8/2021 9:48,5
LYRHF3HX,JYCJ5QGH,1/20/2021 11:15,1/20/2021 11:21,1
LYRHF3HX,D8A010Q2,2/1/2021 23:36,2/2/2021 0:06,1
LYRHF3HX,V93HVZ14,2/20/2021 2:28,2/20/2021 2:37,1
LYRHF3HX,V93HVZ14,3/2/2021 19:01,3/2/2021 19:14,1
LYRHF3HX,SUUJKE5A,3/16/2021 11:36,3/16/2021 20:48,4
LYRHF3HX,D8A010Q2,4/2/2021 22:14,4/2/2021 23:34,2
LYRHF3HX,JYCJ5QGH,4/26/2021 0:42,4/26/2021 0:46,1
LYRHF3HX,JYCJ5QGH,5/4/2021 16:14,5/4/2021 16:38,2
LYRHF3HX,INS2VBPK,5/15/2021 0:41,5/15/2021 1:11,1
LYRHF3HX,V93HVZ14,5/31/2021 18:31,5/31/2021 18:39,1
LYRHF3HX,JYCJ5QGH,6/15/2021 20:28,6/15/2021 20:46,1
LYRHF3HX,D8A010Q2,6/26/2021 20:12,6/26/2021 20:40,2
LYRHF3HX,SUUJKE5A,7/7/2021 9:14,7/7/2021 9:14,1
LYRHF3HX,JYCJ5QGH,7/20/2021 10:18,7/20/2021 19:39,4
LYRHF3HX,D8A010Q2,8/7/2021 9:46,8/7/2021 10:11,1
LYRHF3HX,D8A010Q2,9/11/2021 17:13,9/11/2021 17:13,1
LYRHF3HX,JYCJ5QGH,9/17/2021 5:21,9/20/2021 2:35,5
LYRHF3HX,D8A010Q2,9/25/2021 1:48,9/25/2021 2:51,1
LYRHF3HX,V93HVZ14,10/7/2021 8:36,10/7/2021 9:47,1
LYRHF3HX,JYCJ5QGH,10/23/2021 6:43,10/23/2021 7:44,1
LYRHF3HX,SUUJKE5A,10/31/2021 13:38,11/2/2021 13:56,5
LYRHF3HX,V93HVZ14,12/19/2021 5:02,12/19/2021 20:18,4
LYRHF3HX,INS2VBPK,12/22/2021 4:54,12/22/2021 6:24,1
LYRHF3HX,INS2VBPK,1/2/2022 21:47,1/2/2022 23:00,2
LYRHF3HX,V93HVZ14,1/14/2022 8:54,1/14/2022 9:00,1
LYRHF3HX,JYCJ5QGH,1/25/2022 18:23,1/25/2022 19:37,1
LYRHF3HX,V93HVZ14,2/1/2022 22:32,2/2/2022 12:49,4
LYRHF3HX,V93HVZ14,2/14/2022 5:55,2/16/2022 9:04,5
LYRHF3HX,D8A010Q2,3/3/2022 20:59,3/3/2022 21:18,1
LYRHF3HX,V93HVZ14,3/19/2022 22:57,3/19/2022 23:27,1
LYRHF3HX,SUUJKE5A,4/1/2022 0:12,4/1/2022 4:16,3
LYRHF3HX,JYCJ5QGH,4/16/2022 21:22,4/16/2022 21:49,1
LYRHF3HX,SUUJKE5A,5/4/2022 13:53,5/4/2022 15:20,2
LYRHF3HX,D8A010Q2,5/10/2022 21:51,5/13/2022 17:59,5
LYRHF3HX,JYCJ5QGH,5/21/2022 8:30,5/21/2022 19:40,4
LYRHF3HX,JYCJ5QGH,6/6/2022 16:12,6/6/2022 18:13,2
LYRHF3HX,INS2VBPK,6/18/2022 9:35,6/18/2022 20:45,4
LYRHF3HX,V93HVZ14,7/1/2022 15:32,7/1/2022 15:48,2
LYRHF3HX,SUUJKE5A,7/14/2022 2:58,7/14/2022 9:04,4
LYRHF3HX,JYCJ5QGH,7/28/2022 14:27,7/28/2022 19:44,4
LYRHF3HX,INS2VBPK,8/10/2022 18:47,8/12/2022 14:13,5
LYRHF3HX,V93HVZ14,9/2/2022 23:41,9/3/2022 0:44,1
LYRHF3HX,JYCJ5QGH,9/21/2022 2:01,9/21/2022 2:13,2
LYRHF3HX,JYCJ5QGH,10/13/2022 1:16,10/13/2022 1:16,1
LYRHF3HX,JYCJ5QGH,11/1/2022 9:47,11/1/2022 10:15,2
LYRHF3HX,V93HVZ14,11/14/2022 8:31,11/14/2022 8:31,1
LYRHF3HX,JYCJ5QGH,12/7/2022 13:27,12/7/2022 22:50,5
LYRHF3HX,INS2VBPK,12/23/2022 11:40,12/23/2022 12:56,1
LYRHF3HX,SUUJKE5A,1/6/2023 1:34,1/6/2023 7:02,3
LYRHF3HX,INS2VBPK,1/23/2023 17:50,1/23/2023 19:14,1
LYRHF3HX,V93HVZ14,1/29/2023 9:39,1/29/2023 9:43,1
LYRHF3HX,SUUJKE5A,2/9/2023 19:22,2/9/2023 19:22,1
LYRHF3HX,D8A010Q2,3/6/2023 19:52,3/7/2023 3:08,4
LYRHF3HX,V93HVZ14,3/25/2023 17:41,3/26/2023 3:55,5
LYRHF3HX,INS2VBPK,4/15/2023 13:24,4/15/2023 14:33,1
LYRHF3HX,INS2VBPK,5/10/2023 3:26,5/11/2023 20:52,5
LYRHF3HX,INS2VBPK,5/23/2023 20:15,5/23/2023 20:32,1
LYRHF3HX,JYCJ5QGH,6/8/2023 6:44,6/8/2023 19:14,4
LYRHF3HX,INS2VBPK,6/25/2023 23:59,6/27/2023 13:20,5
LYRHF3HX,INS2VBPK,7/18/2023 16:09,7/18/2023 17:26,1
LYRHF3HX,D8A010Q2,7/29/2023 0:10,7/29/2023 1:38,1
LYRHF3HX,V93HVZ14,8/12/2023 2:35,8/12/2023 5:42,4
LYRHF3HX,V93HVZ14,8/18/2023 13:36,8/18/2023 13:52,1
LYRHF3HX,INS2VBPK,9/6/2023 10:15,9/6/2023 11:17,1
LYRHF3HX,SUUJKE5A,9/26/2023 17:08,9/26/2023 19:33,2
LYRHF3HX,V93HVZ14,10/10/2023 18:04,10/10/2023 19:12,1
LYRHF3HX,D8A010Q2,10/24/2023 12:31,10/24/2023 13:34,1
LYRHF3HX,SUUJKE5A,11/17/2023 4:23,11/17/2023 17:27,4
LYRHF3HX,JYCJ5QGH,12/10/2023 11:23,12/10/2023 12:34,1
LYRHF3HX,D8A010Q2,1/22/2024 1:13,1/25/2024 0:22,5
JIRK0F5R,CMXSUJ5O,6/9/2019 13:16,6/9/2019 15:16,2
JIRK0F5R,OAY4O9BJ,6/28/2019 6:48,6/28/2019 8:55,3
JIRK0F5R,CMXSUJ5O,7/5/2019 15:25,7/5/2019 15:42,1
JIRK0F5R,OAY4O9BJ,7/16/2019 6:07,7/16/2019 6:26,1
JIRK0F5R,TLM67YJN,7/26/2019 18:18,7/26/2019 18:18,1
JIRK0F5R,HSQSOQGA,8/7/2019 6:40,8/7/2019 6:45,1
JIRK0F5R,CMXSUJ5O,8/17/2019 3:14,8/17/2019 4:20,1
JIRK0F5R,TLM67YJN,8/25/2019 15:25,8/25/2019 20:32,4
JIRK0F5R,067YYJVP,9/5/2019 17:51,9/5/2019 18:13,1
JIRK0F5R,TLM67YJN,9/18/2019 7:36,9/18/2019 7:46,1
JIRK0F5R,067YYJVP,9/27/2019 0:24,9/27/2019 0:41,2
JIRK0F5R,067YYJVP,10/3/2019 4:28,10/3/2019 4:31,2
JIRK0F5R,067YYJVP,10/16/2019 23:36,10/17/2019 1:06,4
JIRK0F5R,067YYJVP,10/30/2019 8:28,10/30/2019 8:41,1
JIRK0F5R,CMXSUJ5O,11/8/2019 19:19,11/8/2019 20:27,1
JIRK0F5R,TLM67YJN,11/21/2019 5:13,11/21/2019 7:28,2
JIRK0F5R,HSQSOQGA,12/5/2019 1:08,12/5/2019 1:31,1
JIRK0F5R,CMXSUJ5O,12/14/2019 10:39,12/14/2019 10:50,1
JIRK0F5R,067YYJVP,12/29/2019 6:19,12/29/2019 6:21,1
JIRK0F5R,HSQSOQGA,1/7/2020 9:26,1/7/2020 9:42,1
JIRK0F5R,CMXSUJ5O,1/11/2020 19:57,1/12/2020 11:13,4
JIRK0F5R,OAY4O9BJ,1/22/2020 23:26,1/23/2020 7:49,3
JIRK0F5R,CMXSUJ5O,1/31/2020 9:45,1/31/2020 11:47,2
JIRK0F5R,HSQSOQGA,2/12/2020 3:15,2/12/2020 3:15,1
JIRK0F5R,OAY4O9BJ,2/25/2020 15:30,2/25/2020 17:31,2
JIRK0F5R,CMXSUJ5O,3/17/2020 19:47,3/17/2020 21:13,1
JIRK0F5R,CMXSUJ5O,4/10/2020 4:44,4/10/2020 20:00,4
JIRK0F5R,TLM67YJN,4/22/2020 14:02,4/22/2020 16:18,2
JIRK0F5R,HSQSOQGA,5/12/2020 0:21,5/12/2020 1:28,1
JIRK0F5R,HSQSOQGA,5/25/2020 23:00,5/25/2020 23:17,2
JIRK0F5R,HSQSOQGA,6/19/2020 4:33,6/21/2020 20:54,5
JIRK0F5R,TLM67YJN,6/25/2020 3:59,6/25/2020 5:12,4
JIRK0F5R,067YYJVP,7/14/2020 19:57,7/14/2020 21:26,1
JIRK0F5R,CMXSUJ5O,7/19/2020 13:36,7/19/2020 19:36,4
JIRK0F5R,HSQSOQGA,7/25/2020 14:35,7/25/2020 15:54,2
JIRK0F5R,TLM67YJN,8/7/2020 5:11,8/7/2020 11:41,4
JIRK0F5R,067YYJVP,8/11/2020 16:30,8/11/2020 16:38,1
JIRK0F5R,067YYJVP,8/19/2020 1:30,8/19/2020 1:59,1
JIRK0F5R,067YYJVP,8/31/2020 6:33,8/31/2020 7:42,1
JIRK0F5R,OAY4O9BJ,9/13/2020 0:23,9/13/2020 7:36,3
JIRK0F5R,067YYJVP,9/26/2020 8:59,9/26/2020 10:16,1
JIRK0F5R,OAY4O9BJ,10/3/2020 5:39,10/3/2020 5:42,1
JIRK0F5R,TLM67YJN,10/12/2020 18:07,10/12/2020 19:28,2
JIRK0F5R,067YYJVP,10/26/2020 4:27,10/26/2020 4:55,1
JIRK0F5R,OAY4O9BJ,10/31/2020 18:13,10/31/2020 18:26,2
JIRK0F5R,OAY4O9BJ,11/18/2020 10:22,11/18/2020 10:51,1
JIRK0F5R,OAY4O9BJ,11/27/2020 10:40,11/27/2020 14:04,3
JIRK0F5R,HSQSOQGA,12/8/2020 8:55,12/9/2020 21:25,5
JIRK0F5R,HSQSOQGA,12/21/2020 20:48,12/21/2020 20:55,2
JIRK0F5R,CMXSUJ5O,1/2/2021 5:15,1/2/2021 14:24,4
JIRK0F5R,067YYJVP,1/10/2021 15:39,1/10/2021 17:02,1
JIRK0F5R,OAY4O9BJ,1/29/2021 11:11,1/29/2021 16:35,4
JIRK0F5R,CMXSUJ5O,2/13/2021 18:31,2/13/2021 18:50,1
JIRK0F5R,OAY4O9BJ,3/1/2021 15:27,3/1/2021 23:39,3
JIRK0F5R,067YYJVP,3/14/2021 17:09,3/14/2021 17:09,1
JIRK0F5R,067YYJVP,3/23/2021 3:10,3/23/2021 4:25,2
JIRK0F5R,CMXSUJ5O,4/6/2021 12:30,4/6/2021 12:40,1
JIRK0F5R,HSQSOQGA,4/14/2021 15:03,4/14/2021 16:10,1
JIRK0F5R,OAY4O9BJ,4/22/2021 2:19,4/22/2021 2:47,1
JIRK0F5R,067YYJVP,4/29/2021 10:29,4/29/2021 11:46,1
JIRK0F5R,CMXSUJ5O,5/5/2021 11:52,5/5/2021 11:57,1
JIRK0F5R,OAY4O9BJ,5/27/2021 22:07,5/27/2021 23:09,1
JIRK0F5R,TLM67YJN,6/5/2021 0:54,6/5/2021 2:57,2
JIRK0F5R,067YYJVP,6/20/2021 16:36,6/21/2021 5:05,4
JIRK0F5R,HSQSOQGA,7/4/2021 1:33,7/4/2021 1:49,1
JIRK0F5R,HSQSOQGA,7/18/2021 0:49,7/18/2021 1:08,1
JIRK0F5R,TLM67YJN,7/19/2021 5:34,7/19/2021 7:47,2
JIRK0F5R,OAY4O9BJ,8/1/2021 10:40,8/1/2021 12:04,1
JIRK0F5R,OAY4O9BJ,8/16/2021 8:50,8/16/2021 9:58,2
JIRK0F5R,067YYJVP,8/26/2021 15:24,8/26/2021 16:27,1
JIRK0F5R,067YYJVP,9/12/2021 12:21,9/12/2021 12:30,1
JIRK0F5R,067YYJVP,9/21/2021 12:04,9/21/2021 12:18,4
JIRK0F5R,OAY4O9BJ,10/9/2021 8:56,10/9/2021 11:00,2
JIRK0F5R,TLM67YJN,10/20/2021 20:43,10/20/2021 21:12,1
JIRK0F5R,067YYJVP,10/29/2021 21:26,10/29/2021 22:43,1
JIRK0F5R,067YYJVP,11/15/2021 17:04,11/18/2021 8:21,5
JIRK0F5R,OAY4O9BJ,12/7/2021 21:22,12/8/2021 5:33,3
JIRK0F5R,OAY4O9BJ,12/11/2021 2:00,12/11/2021 2:09,1
JIRK0F5R,067YYJVP,12/27/2021 0:53,12/27/2021 1:57,1
JIRK0F5R,CMXSUJ5O,1/11/2022 21:34,1/11/2022 22:50,1
JIRK0F5R,067YYJVP,1/21/2022 20:30,1/21/2022 20:54,1
JIRK0F5R,TLM67YJN,1/28/2022 21:38,1/28/2022 23:43,2
JIRK0F5R,CMXSUJ5O,1/30/2022 21:04,1/30/2022 21:09,1
JIRK0F5R,CMXSUJ5O,2/11/2022 12:38,2/11/2022 14:42,2
JIRK0F5R,TLM67YJN,2/26/2022 19:09,2/27/2022 5:28,4
JIRK0F5R,HSQSOQGA,3/9/2022 8:59,3/9/2022 13:01,4
JIRK0F5R,HSQSOQGA,3/24/2022 6:46,3/25/2022 3:53,5
JIRK0F5R,OAY4O9BJ,4/5/2022 15:36,4/5/2022 17:06,2
JIRK0F5R,OAY4O9BJ,4/23/2022 2:20,4/23/2022 4:28,2
JIRK0F5R,TLM67YJN,5/2/2022 16:04,5/2/2022 16:17,1
JIRK0F5R,067YYJVP,5/9/2022 10:36,5/9/2022 10:42,1
JIRK0F5R,067YYJVP,5/23/2022 17:26,5/23/2022 18:48,2
JIRK0F5R,OAY4O9BJ,6/13/2022 14:47,6/13/2022 16:01,2
JIRK0F5R,CMXSUJ5O,6/26/2022 13:07,6/27/2022 3:34,4
JIRK0F5R,TLM67YJN,7/9/2022 16:58,7/9/2022 18:11,1
JIRK0F5R,OAY4O9BJ,7/23/2022 1:30,7/23/2022 3:00,1
JIRK0F5R,CMXSUJ5O,8/13/2022 11:22,8/13/2022 13:44,2
JIRK0F5R,067YYJVP,8/21/2022 0:00,8/21/2022 1:25,1
JIRK0F5R,HSQSOQGA,8/29/2022 0:46,8/29/2022 1:05,1
JIRK0F5R,CMXSUJ5O,9/23/2022 14:52,9/23/2022 15:10,2
JIRK0F5R,HSQSOQGA,10/5/2022 18:21,10/5/2022 19:45,2
JIRK0F5R,067YYJVP,10/17/2022 10:49,10/17/2022 13:16,2
JIRK0F5R,CMXSUJ5O,11/3/2022 17:41,11/3/2022 20:00,2
JIRK0F5R,TLM67YJN,11/15/2022 3:47,11/15/2022 4:09,1
JIRK0F5R,067YYJVP,11/27/2022 22:46,11/27/2022 23:51,2
JIRK0F5R,OAY4O9BJ,12/12/2022 6:35,12/12/2022 7:40,1
JIRK0F5R,CMXSUJ5O,12/20/2022 3:33,12/20/2022 3:49,1
JIRK0F5R,CMXSUJ5O,1/8/2023 7:00,1/8/2023 8:17,1
JIRK0F5R,CMXSUJ5O,1/21/2023 14:50,1/21/2023 15:16,1
JIRK0F5R,OAY4O9BJ,2/8/2023 16:16,2/9/2023 6:26,4
JIRK0F5R,HSQSOQGA,2/20/2023 6:00,2/20/2023 7:16,1
JIRK0F5R,CMXSUJ5O,3/4/2023 22:49,3/4/2023 23:58,1
JIRK0F5R,TLM67YJN,3/9/2023 17:18,3/9/2023 18:18,4
JIRK0F5R,HSQSOQGA,3/28/2023 21:32,3/28/2023 21:47,1
JIRK0F5R,CMXSUJ5O,4/14/2023 8:53,4/14/2023 21:15,4
JIRK0F5R,TLM67YJN,5/2/2023 16:32,5/2/2023 16:59,1
JIRK0F5R,TLM67YJN,5/22/2023 8:54,5/22/2023 9:55,1
JIRK0F5R,TLM67YJN,6/8/2023 2:33,6/8/2023 3:43,1
JIRK0F5R,HSQSOQGA,6/20/2023 14:03,6/21/2023 17:17,5
JIRK0F5R,CMXSUJ5O,7/7/2023 12:09,7/7/2023 13:16,1
JIRK0F5R,HSQSOQGA,7/17/2023 20:19,7/17/2023 20:31,1
JIRK0F5R,CMXSUJ5O,8/7/2023 15:25,8/7/2023 15:25,1
JIRK0F5R,CMXSUJ5O,8/28/2023 1:53,8/28/2023 18:23,4
JIRK0F5R,HSQSOQGA,9/19/2023 23:57,9/20/2023 0:57,1
JIRK0F5R,OAY4O9BJ,10/8/2023 18:37,10/8/2023 18:55,1
JIRK0F5R,CMXSUJ5O,10/29/2023 10:55,10/29/2023 13:02,2
JIRK0F5R,HSQSOQGA,11/20/2023 7:21,11/20/2023 7:38,1
JIRK0F5R,067YYJVP,12/6/2023 0:06,12/6/2023 1:25,1
JIRK0F5R,OAY4O9BJ,12/22/2023 18:51,12/22/2023 18:57,2
JIRK0F5R,TLM67YJN,1/5/2024 23:02,1/6/2024 0:32,1
JIRK0F5R,OAY4O9BJ,1/24/2024 18:01,1/25/2024 5:07,4
